number,number_of_times_appeared
0000,16
0001,11
0002,15
0003,9
0004,8
0005,5
0006,14
0007,11
0008,13
0009,7
0010,13
0011,11
0012,9
0013,11
0014,8
0015,21
0016,11
0017,10
0018,11
0019,20
0020,18
0021,13
0022,11
0023,9
0024,10
0025,12
0026,12
0027,13
0028,10
0029,9
0030,13
0031,7
0032,16
0033,12
0034,16
0035,9
0036,12
0037,9
0038,10
0039,11
0040,8
0041,12
0042,14
0043,12
0044,17
0045,16
0046,13
0047,7
0048,14
0049,21
0050,8
0051,15
0052,10
0053,11
0054,19
0055,8
0056,13
0057,3
0058,12
0059,17
0060,9
0061,10
0062,12
0063,7
0064,14
0065,9
0066,9
0067,13
0068,8
0069,10
0070,12
0071,13
0072,13
0073,11
0074,10
0075,10
0076,10
0077,11
0078,14
0079,16
0080,8
0081,21
0082,11
0083,15
0084,14
0085,14
0086,15
0087,15
0088,14
0089,13
0090,12
0091,9
0092,9
0093,14
0094,19
0095,18
0096,12
0097,15
0098,14
0099,11
0100,12
0101,7
0102,15
0103,18
0104,19
0105,4
0106,12
0107,13
0108,11
0109,9
0110,14
0111,21
0112,10
0113,6
0114,18
0115,14
0116,9
0117,12
0118,12
0119,9
0120,12
0121,16
0122,7
0123,14
0124,8
0125,12
0126,10
0127,10
0128,10
0129,17
0130,17
0131,10
0132,5
0133,10
0134,18
0135,13
0136,19
0137,18
0138,11
0139,8
0140,10
0141,13
0142,7
0143,14
0144,14
0145,16
0146,21
0147,9
0148,14
0149,16
0150,12
0151,13
0152,17
0153,14
0154,16
0155,10
0156,13
0157,8
0158,16
0159,7
0160,11
0161,12
0162,16
0163,13
0164,11
0165,10
0166,12
0167,11
0168,18
0169,14
0170,15
0171,13
0172,18
0173,8
0174,6
0175,16
0176,10
0177,11
0178,10
0179,10
0180,8
0181,13
0182,11
0183,14
0184,13
0185,14
0186,16
0187,11
0188,20
0189,6
0190,15
0191,18
0192,12
0193,11
0194,11
0195,19
0196,12
0197,15
0198,15
0199,10
0200,13
0201,13
0202,18
0203,17
0204,19
0205,12
0206,14
0207,12
0208,6
0209,16
0210,16
0211,12
0212,16
0213,15
0214,8
0215,14
0216,13
0217,18
0218,8
0219,13
0220,10
0221,15
0222,14
0223,22
0224,6
0225,14
0226,12
0227,14
0228,16
0229,15
0230,13
0231,9
0232,10
0233,18
0234,17
0235,16
0236,13
0237,8
0238,11
0239,9
0240,13
0241,6
0242,14
0243,13
0244,7
0245,15
0246,13
0247,13
0248,8
0249,8
0250,15
0251,16
0252,8
0253,17
0254,14
0255,13
0256,12
0257,12
0258,19
0259,14
0260,12
0261,14
0262,14
0263,16
0264,14
0265,14
0266,13
0267,12
0268,9
0269,17
0270,6
0271,11
0272,18
0273,12
0274,14
0275,13
0276,13
0277,12
0278,13
0279,13
0280,12
0281,11
0282,12
0283,16
0284,12
0285,11
0286,13
0287,11
0288,14
0289,17
0290,17
0291,12
0292,12
0293,18
0294,12
0295,9
0296,11
0297,17
0298,15
0299,11
0300,14
0301,8
0302,13
0303,17
0304,13
0305,14
0306,9
0307,15
0308,7
0309,13
0310,11
0311,13
0312,16
0313,14
0314,12
0315,15
0316,16
0317,13
0318,16
0319,12
0320,17
0321,13
0322,14
0323,18
0324,12
0325,11
0326,9
0327,15
0328,11
0329,10
0330,12
0331,5
0332,12
0333,13
0334,14
0335,15
0336,17
0337,10
0338,10
0339,16
0340,15
0341,16
0342,14
0343,14
0344,16
0345,15
0346,6
0347,9
0348,12
0349,10
0350,5
0351,14
0352,12
0353,11
0354,13
0355,8
0356,14
0357,9
0358,8
0359,11
0360,6
0361,15
0362,8
0363,15
0364,14
0365,12
0366,9
0367,13
0368,13
0369,10
0370,9
0371,14
0372,15
0373,10
0374,13
0375,9
0376,13
0377,8
0378,18
0379,21
0380,11
0381,16
0382,12
0383,12
0384,11
0385,14
0386,22
0387,11
0388,9
0389,21
0390,18
0391,13
0392,10
0393,7
0394,10
0395,7
0396,14
0397,12
0398,9
0399,9
0400,23
0401,13
0402,8
0403,17
0404,12
0405,13
0406,12
0407,9
0408,21
0409,22
0410,15
0411,11
0412,12
0413,7
0414,15
0415,10
0416,20
0417,13
0418,6
0419,10
0420,12
0421,8
0422,15
0423,20
0424,10
0425,9
0426,12
0427,9
0428,8
0429,13
0430,14
0431,13
0432,14
0433,11
0434,11
0435,20
0436,11
0437,10
0438,11
0439,13
0440,6
0441,14
0442,14
0443,5
0444,12
0445,15
0446,12
0447,16
0448,19
0449,13
0450,6
0451,12
0452,9
0453,14
0454,12
0455,15
0456,18
0457,14
0458,15
0459,17
0460,11
0461,15
0462,18
0463,18
0464,13
0465,11
0466,16
0467,21
0468,16
0469,14
0470,17
0471,17
0472,7
0473,8
0474,13
0475,13
0476,21
0477,20
0478,13
0479,7
0480,7
0481,9
0482,12
0483,15
0484,14
0485,12
0486,7
0487,8
0488,14
0489,16
0490,10
0491,14
0492,12
0493,14
0494,14
0495,8
0496,9
0497,9
0498,14
0499,13
0500,14
0501,14
0502,11
0503,16
0504,13
0505,14
0506,15
0507,9
0508,13
0509,10
0510,13
0511,8
0512,14
0513,14
0514,12
0515,13
0516,12
0517,13
0518,19
0519,11
0520,14
0521,16
0522,15
0523,16
0524,9
0525,13
0526,6
0527,16
0528,10
0529,8
0530,14
0531,16
0532,16
0533,13
0534,16
0535,8
0536,12
0537,20
0538,7
0539,8
0540,13
0541,10
0542,13
0543,13
0544,17
0545,13
0546,10
0547,10
0548,14
0549,14
0550,10
0551,16
0552,10
0553,5
0554,16
0555,10
0556,11
0557,13
0558,11
0559,11
0560,11
0561,15
0562,14
0563,17
0564,15
0565,14
0566,16
0567,22
0568,11
0569,9
0570,15
0571,13
0572,17
0573,8
0574,8
0575,11
0576,9
0577,6
0578,11
0579,15
0580,11
0581,8
0582,16
0583,15
0584,17
0585,15
0586,12
0587,14
0588,9
0589,12
0590,10
0591,12
0592,11
0593,10
0594,13
0595,8
0596,10
0597,12
0598,11
0599,14
0600,13
0601,9
0602,13
0603,14
0604,8
0605,19
0606,7
0607,15
0608,11
0609,9
0610,13
0611,11
0612,14
0613,12
0614,14
0615,13
0616,14
0617,13
0618,13
0619,11
0620,12
0621,8
0622,14
0623,10
0624,12
0625,13
0626,10
0627,20
0628,13
0629,18
0630,19
0631,13
0632,15
0633,13
0634,7
0635,16
0636,10
0637,7
0638,12
0639,12
0640,15
0641,9
0642,10
0643,10
0644,17
0645,12
0646,18
0647,11
0648,7
0649,15
0650,13
0651,10
0652,5
0653,10
0654,10
0655,5
0656,10
0657,7
0658,9
0659,15
0660,15
0661,17
0662,17
0663,15
0664,9
0665,13
0666,10
0667,10
0668,18
0669,16
0670,8
0671,12
0672,12
0673,11
0674,13
0675,11
0676,17
0677,14
0678,11
0679,6
0680,15
0681,8
0682,21
0683,14
0684,10
0685,16
0686,17
0687,9
0688,11
0689,17
0690,13
0691,16
0692,12
0693,14
0694,17
0695,15
0696,15
0697,9
0698,14
0699,14
0700,13
0701,15
0702,12
0703,7
0704,14
0705,7
0706,17
0707,9
0708,14
0709,10
0710,6
0711,8
0712,10
0713,10
0714,14
0715,15
0716,15
0717,15
0718,8
0719,9
0720,10
0721,15
0722,13
0723,16
0724,8
0725,9
0726,11
0727,14
0728,14
0729,14
0730,11
0731,7
0732,24
0733,11
0734,15
0735,13
0736,9
0737,10
0738,21
0739,12
0740,16
0741,16
0742,13
0743,5
0744,10
0745,21
0746,13
0747,13
0748,13
0749,12
0750,12
0751,13
0752,17
0753,18
0754,7
0755,17
0756,8
0757,11
0758,9
0759,13
0760,17
0761,11
0762,8
0763,9
0764,14
0765,11
0766,17
0767,12
0768,7
0769,18
0770,7
0771,16
0772,10
0773,8
0774,15
0775,14
0776,10
0777,20
0778,12
0779,11
0780,11
0781,13
0782,19
0783,7
0784,14
0785,11
0786,8
0787,9
0788,9
0789,10
0790,15
0791,11
0792,12
0793,11
0794,14
0795,13
0796,16
0797,13
0798,16
0799,10
0800,12
0801,9
0802,11
0803,10
0804,14
0805,13
0806,10
0807,8
0808,12
0809,13
0810,15
0811,8
0812,15
0813,16
0814,14
0815,17
0816,15
0817,15
0818,20
0819,8
0820,16
0821,18
0822,17
0823,14
0824,11
0825,12
0826,18
0827,13
0828,8
0829,16
0830,7
0831,20
0832,11
0833,7
0834,17
0835,15
0836,13
0837,15
0838,10
0839,8
0840,12
0841,15
0842,11
0843,11
0844,11
0845,16
0846,10
0847,18
0848,15
0849,5
0850,15
0851,11
0852,22
0853,12
0854,14
0855,8
0856,12
0857,16
0858,13
0859,17
0860,20
0861,12
0862,17
0863,10
0864,10
0865,11
0866,12
0867,10
0868,8
0869,13
0870,9
0871,12
0872,10
0873,11
0874,17
0875,23
0876,14
0877,14
0878,18
0879,15
0880,15
0881,14
0882,17
0883,13
0884,11
0885,22
0886,5
0887,12
0888,9
0889,11
0890,8
0891,14
0892,17
0893,11
0894,12
0895,13
0896,10
0897,10
0898,15
0899,17
0900,7
0901,15
0902,17
0903,20
0904,11
0905,12
0906,13
0907,15
0908,13
0909,15
0910,6
0911,8
0912,12
0913,11
0914,10
0915,14
0916,9
0917,7
0918,15
0919,12
0920,14
0921,9
0922,20
0923,9
0924,12
0925,13
0926,18
0927,13
0928,7
0929,13
0930,16
0931,20
0932,18
0933,14
0934,12
0935,11
0936,6
0937,10
0938,15
0939,18
0940,8
0941,19
0942,14
0943,11
0944,13
0945,17
0946,16
0947,18
0948,12
0949,7
0950,5
0951,11
0952,14
0953,14
0954,13
0955,14
0956,14
0957,11
0958,14
0959,17
0960,12
0961,18
0962,11
0963,9
0964,6
0965,12
0966,8
0967,10
0968,13
0969,16
0970,13
0971,11
0972,8
0973,15
0974,9
0975,9
0976,11
0977,13
0978,9
0979,10
0980,8
0981,16
0982,10
0983,14
0984,8
0985,11
0986,19
0987,15
0988,19
0989,16
0990,12
0991,19
0992,19
0993,15
0994,11
0995,15
0996,19
0997,11
0998,13
0999,16
1000,9
1001,7
1002,17
1003,10
1004,12
1005,22
1006,16
1007,10
1008,10
1009,12
1010,17
1011,13
1012,16
1013,14
1014,11
1015,9
1016,8
1017,15
1018,6
1019,7
1020,14
1021,10
1022,11
1023,16
1024,15
1025,14
1026,9
1027,15
1028,15
1029,17
1030,12
1031,10
1032,20
1033,15
1034,10
1035,8
1036,16
1037,13
1038,13
1039,12
1040,10
1041,11
1042,20
1043,13
1044,18
1045,4
1046,6
1047,22
1048,15
1049,19
1050,11
1051,11
1052,13
1053,11
1054,12
1055,17
1056,12
1057,14
1058,13
1059,11
1060,15
1061,11
1062,14
1063,10
1064,12
1065,13
1066,20
1067,10
1068,7
1069,8
1070,11
1071,9
1072,16
1073,8
1074,12
1075,14
1076,10
1077,16
1078,15
1079,12
1080,20
1081,15
1082,13
1083,10
1084,17
1085,11
1086,11
1087,10
1088,13
1089,17
1090,15
1091,18
1092,19
1093,8
1094,15
1095,7
1096,14
1097,6
1098,10
1099,14
1100,17
1101,12
1102,14
1103,13
1104,12
1105,18
1106,7
1107,11
1108,10
1109,17
1110,14
1111,10
1112,16
1113,16
1114,10
1115,12
1116,17
1117,14
1118,17
1119,8
1120,12
1121,17
1122,13
1123,13
1124,11
1125,17
1126,10
1127,13
1128,10
1129,11
1130,18
1131,11
1132,18
1133,11
1134,15
1135,9
1136,10
1137,17
1138,16
1139,14
1140,10
1141,10
1142,15
1143,10
1144,7
1145,9
1146,16
1147,14
1148,21
1149,9
1150,10
1151,11
1152,12
1153,8
1154,12
1155,9
1156,16
1157,15
1158,7
1159,10
1160,20
1161,15
1162,10
1163,16
1164,12
1165,10
1166,13
1167,11
1168,14
1169,18
1170,11
1171,11
1172,14
1173,11
1174,14
1175,17
1176,14
1177,11
1178,13
1179,11
1180,22
1181,17
1182,16
1183,13
1184,15
1185,19
1186,13
1187,10
1188,14
1189,15
1190,9
1191,13
1192,16
1193,15
1194,8
1195,9
1196,11
1197,10
1198,10
1199,20
1200,11
1201,12
1202,17
1203,8
1204,12
1205,10
1206,17
1207,16
1208,11
1209,8
1210,8
1211,6
1212,9
1213,18
1214,10
1215,11
1216,14
1217,10
1218,17
1219,7
1220,7
1221,15
1222,16
1223,12
1224,18
1225,12
1226,11
1227,16
1228,15
1229,3
1230,10
1231,12
1232,13
1233,10
1234,15
1235,12
1236,17
1237,14
1238,24
1239,13
1240,14
1241,13
1242,6
1243,8
1244,14
1245,16
1246,10
1247,21
1248,10
1249,14
1250,16
1251,9
1252,9
1253,9
1254,11
1255,11
1256,11
1257,11
1258,13
1259,9
1260,13
1261,8
1262,14
1263,10
1264,12
1265,9
1266,12
1267,10
1268,5
1269,11
1270,15
1271,8
1272,9
1273,23
1274,13
1275,23
1276,11
1277,12
1278,10
1279,14
1280,7
1281,14
1282,8
1283,10
1284,19
1285,6
1286,21
1287,12
1288,13
1289,19
1290,12
1291,12
1292,11
1293,14
1294,10
1295,8
1296,12
1297,9
1298,9
1299,8
1300,10
1301,12
1302,17
1303,10
1304,13
1305,11
1306,15
1307,15
1308,13
1309,12
1310,14
1311,13
1312,14
1313,17
1314,13
1315,6
1316,6
1317,6
1318,13
1319,10
1320,12
1321,3
1322,13
1323,13
1324,16
1325,13
1326,15
1327,15
1328,13
1329,12
1330,17
1331,9
1332,19
1333,13
1334,14
1335,14
1336,12
1337,8
1338,11
1339,14
1340,13
1341,12
1342,12
1343,16
1344,15
1345,9
1346,20
1347,11
1348,16
1349,12
1350,10
1351,13
1352,14
1353,14
1354,9
1355,9
1356,14
1357,8
1358,15
1359,19
1360,14
1361,10
1362,16
1363,10
1364,5
1365,13
1366,14
1367,10
1368,13
1369,12
1370,6
1371,8
1372,9
1373,15
1374,7
1375,18
1376,13
1377,15
1378,16
1379,18
1380,5
1381,14
1382,9
1383,14
1384,14
1385,13
1386,10
1387,7
1388,7
1389,15
1390,12
1391,10
1392,17
1393,12
1394,12
1395,5
1396,8
1397,11
1398,17
1399,11
1400,12
1401,10
1402,15
1403,18
1404,14
1405,7
1406,10
1407,11
1408,14
1409,15
1410,8
1411,10
1412,9
1413,18
1414,6
1415,11
1416,18
1417,14
1418,11
1419,11
1420,15
1421,8
1422,11
1423,15
1424,12
1425,14
1426,12
1427,9
1428,11
1429,13
1430,12
1431,13
1432,12
1433,20
1434,16
1435,15
1436,15
1437,15
1438,21
1439,9
1440,5
1441,14
1442,13
1443,13
1444,8
1445,12
1446,11
1447,11
1448,13
1449,9
1450,14
1451,11
1452,13
1453,12
1454,12
1455,13
1456,10
1457,14
1458,11
1459,10
1460,16
1461,12
1462,15
1463,13
1464,23
1465,10
1466,10
1467,10
1468,10
1469,12
1470,19
1471,8
1472,18
1473,11
1474,18
1475,11
1476,12
1477,8
1478,12
1479,15
1480,5
1481,12
1482,17
1483,9
1484,10
1485,17
1486,10
1487,13
1488,14
1489,15
1490,12
1491,9
1492,16
1493,15
1494,10
1495,16
1496,11
1497,9
1498,11
1499,18
1500,16
1501,12
1502,9
1503,14
1504,11
1505,12
1506,9
1507,17
1508,8
1509,10
1510,11
1511,12
1512,14
1513,13
1514,9
1515,16
1516,15
1517,8
1518,11
1519,11
1520,10
1521,15
1522,13
1523,12
1524,17
1525,20
1526,10
1527,8
1528,21
1529,8
1530,18
1531,12
1532,10
1533,14
1534,11
1535,16
1536,12
1537,14
1538,16
1539,8
1540,18
1541,13
1542,16
1543,14
1544,11
1545,10
1546,9
1547,18
1548,13
1549,14
1550,10
1551,6
1552,17
1553,18
1554,14
1555,13
1556,14
1557,19
1558,6
1559,18
1560,15
1561,8
1562,12
1563,4
1564,13
1565,12
1566,17
1567,11
1568,9
1569,11
1570,16
1571,12
1572,12
1573,7
1574,14
1575,7
1576,9
1577,13
1578,9
1579,12
1580,14
1581,12
1582,11
1583,14
1584,5
1585,16
1586,10
1587,10
1588,17
1589,14
1590,14
1591,17
1592,12
1593,8
1594,16
1595,16
1596,14
1597,17
1598,11
1599,13
1600,20
1601,14
1602,14
1603,11
1604,17
1605,10
1606,13
1607,15
1608,7
1609,12
1610,9
1611,12
1612,15
1613,9
1614,19
1615,11
1616,11
1617,15
1618,10
1619,10
1620,14
1621,13
1622,13
1623,16
1624,15
1625,12
1626,14
1627,15
1628,10
1629,13
1630,12
1631,17
1632,8
1633,12
1634,14
1635,8
1636,12
1637,10
1638,8
1639,12
1640,15
1641,12
1642,10
1643,14
1644,17
1645,12
1646,14
1647,16
1648,13
1649,12
1650,16
1651,13
1652,8
1653,12
1654,10
1655,12
1656,4
1657,19
1658,19
1659,10
1660,12
1661,13
1662,12
1663,17
1664,17
1665,5
1666,14
1667,9
1668,10
1669,11
1670,9
1671,17
1672,14
1673,8
1674,15
1675,10
1676,17
1677,9
1678,21
1679,9
1680,14
1681,12
1682,13
1683,15
1684,10
1685,9
1686,15
1687,12
1688,10
1689,12
1690,14
1691,14
1692,8
1693,16
1694,15
1695,11
1696,11
1697,9
1698,20
1699,16
1700,11
1701,16
1702,12
1703,8
1704,12
1705,20
1706,17
1707,13
1708,17
1709,20
1710,16
1711,9
1712,12
1713,8
1714,14
1715,11
1716,8
1717,16
1718,11
1719,8
1720,8
1721,10
1722,11
1723,14
1724,9
1725,13
1726,9
1727,13
1728,15
1729,15
1730,19
1731,14
1732,16
1733,17
1734,13
1735,12
1736,19
1737,16
1738,11
1739,9
1740,15
1741,10
1742,9
1743,8
1744,10
1745,18
1746,15
1747,20
1748,11
1749,12
1750,7
1751,12
1752,15
1753,10
1754,15
1755,19
1756,11
1757,19
1758,19
1759,18
1760,11
1761,18
1762,16
1763,17
1764,9
1765,16
1766,19
1767,13
1768,12
1769,8
1770,16
1771,13
1772,9
1773,13
1774,9
1775,12
1776,7
1777,8
1778,13
1779,14
1780,17
1781,13
1782,8
1783,8
1784,13
1785,14
1786,16
1787,16
1788,13
1789,12
1790,10
1791,15
1792,14
1793,11
1794,15
1795,4
1796,10
1797,18
1798,13
1799,6
1800,12
1801,13
1802,14
1803,9
1804,14
1805,17
1806,15
1807,9
1808,14
1809,13
1810,8
1811,17
1812,18
1813,11
1814,13
1815,12
1816,12
1817,12
1818,13
1819,8
1820,11
1821,13
1822,13
1823,12
1824,10
1825,20
1826,10
1827,17
1828,12
1829,12
1830,15
1831,8
1832,8
1833,12
1834,15
1835,13
1836,15
1837,5
1838,8
1839,13
1840,13
1841,19
1842,6
1843,12
1844,12
1845,25
1846,10
1847,16
1848,14
1849,22
1850,15
1851,10
1852,11
1853,16
1854,12
1855,7
1856,11
1857,9
1858,11
1859,12
1860,10
1861,13
1862,13
1863,16
1864,8
1865,15
1866,10
1867,8
1868,18
1869,11
1870,8
1871,11
1872,13
1873,9
1874,13
1875,7
1876,20
1877,11
1878,18
1879,9
1880,14
1881,9
1882,9
1883,11
1884,9
1885,17
1886,6
1887,6
1888,13
1889,13
1890,16
1891,11
1892,10
1893,13
1894,14
1895,7
1896,16
1897,6
1898,12
1899,19
1900,14
1901,9
1902,10
1903,14
1904,11
1905,7
1906,10
1907,17
1908,11
1909,14
1910,10
1911,15
1912,7
1913,12
1914,12
1915,9
1916,13
1917,14
1918,17
1919,11
1920,15
1921,18
1922,10
1923,9
1924,14
1925,10
1926,14
1927,10
1928,8
1929,17
1930,18
1931,9
1932,17
1933,9
1934,21
1935,11
1936,17
1937,11
1938,5
1939,13
1940,9
1941,13
1942,25
1943,14
1944,11
1945,10
1946,20
1947,12
1948,12
1949,16
1950,12
1951,14
1952,13
1953,13
1954,14
1955,9
1956,15
1957,10
1958,15
1959,12
1960,12
1961,8
1962,13
1963,9
1964,12
1965,12
1966,13
1967,11
1968,12
1969,15
1970,13
1971,14
1972,11
1973,19
1974,11
1975,9
1976,17
1977,21
1978,16
1979,9
1980,9
1981,8
1982,6
1983,9
1984,7
1985,11
1986,13
1987,9
1988,16
1989,13
1990,14
1991,14
1992,17
1993,10
1994,15
1995,7
1996,16
1997,5
1998,13
1999,19
2000,24
2001,17
2002,11
2003,12
2004,16
2005,9
2006,8
2007,10
2008,18
2009,12
2010,12
2011,13
2012,17
2013,10
2014,9
2015,15
2016,11
2017,19
2018,9
2019,20
2020,12
2021,14
2022,13
2023,7
2024,12
2025,8
2026,11
2027,12
2028,7
2029,12
2030,6
2031,10
2032,9
2033,18
2034,9
2035,15
2036,10
2037,13
2038,15
2039,13
2040,16
2041,14
2042,4
2043,10
2044,8
2045,11
2046,12
2047,9
2048,15
2049,15
2050,11
2051,8
2052,19
2053,10
2054,14
2055,10
2056,10
2057,19
2058,13
2059,12
2060,9
2061,15
2062,14
2063,13
2064,12
2065,9
2066,14
2067,10
2068,14
2069,16
2070,17
2071,16
2072,13
2073,15
2074,18
2075,12
2076,14
2077,7
2078,12
2079,14
2080,17
2081,19
2082,14
2083,11
2084,7
2085,16
2086,12
2087,6
2088,13
2089,20
2090,9
2091,7
2092,11
2093,12
2094,9
2095,11
2096,14
2097,15
2098,16
2099,13
2100,17
2101,7
2102,20
2103,11
2104,10
2105,14
2106,11
2107,17
2108,14
2109,9
2110,17
2111,11
2112,16
2113,13
2114,12
2115,13
2116,17
2117,11
2118,16
2119,12
2120,12
2121,12
2122,11
2123,9
2124,10
2125,13
2126,12
2127,11
2128,13
2129,18
2130,15
2131,13
2132,15
2133,10
2134,9
2135,16
2136,13
2137,14
2138,13
2139,11
2140,10
2141,13
2142,10
2143,13
2144,11
2145,16
2146,15
2147,9
2148,10
2149,13
2150,13
2151,12
2152,10
2153,15
2154,9
2155,15
2156,21
2157,8
2158,19
2159,12
2160,11
2161,13
2162,7
2163,17
2164,8
2165,17
2166,14
2167,13
2168,19
2169,9
2170,12
2171,12
2172,9
2173,10
2174,12
2175,23
2176,12
2177,12
2178,19
2179,13
2180,15
2181,15
2182,12
2183,16
2184,12
2185,14
2186,15
2187,6
2188,9
2189,15
2190,12
2191,16
2192,15
2193,15
2194,10
2195,20
2196,15
2197,12
2198,12
2199,16
2200,14
2201,10
2202,10
2203,12
2204,13
2205,9
2206,14
2207,8
2208,6
2209,10
2210,10
2211,10
2212,9
2213,17
2214,13
2215,12
2216,13
2217,14
2218,14
2219,8
2220,10
2221,17
2222,13
2223,18
2224,13
2225,14
2226,12
2227,11
2228,15
2229,7
2230,8
2231,10
2232,21
2233,13
2234,18
2235,14
2236,13
2237,14
2238,19
2239,14
2240,5
2241,11
2242,12
2243,12
2244,7
2245,16
2246,11
2247,9
2248,10
2249,21
2250,19
2251,18
2252,10
2253,8
2254,10
2255,11
2256,17
2257,18
2258,12
2259,14
2260,9
2261,10
2262,11
2263,14
2264,11
2265,16
2266,8
2267,20
2268,15
2269,12
2270,12
2271,16
2272,14
2273,15
2274,15
2275,15
2276,7
2277,9
2278,10
2279,12
2280,11
2281,13
2282,12
2283,9
2284,9
2285,5
2286,14
2287,7
2288,14
2289,15
2290,15
2291,7
2292,9
2293,10
2294,14
2295,18
2296,16
2297,12
2298,10
2299,12
2300,7
2301,9
2302,11
2303,12
2304,14
2305,6
2306,8
2307,8
2308,13
2309,18
2310,13
2311,19
2312,20
2313,13
2314,22
2315,12
2316,15
2317,10
2318,12
2319,16
2320,11
2321,12
2322,7
2323,6
2324,15
2325,18
2326,9
2327,16
2328,14
2329,10
2330,15
2331,10
2332,17
2333,12
2334,16
2335,12
2336,11
2337,10
2338,12
2339,9
2340,15
2341,13
2342,16
2343,10
2344,8
2345,17
2346,12
2347,20
2348,14
2349,10
2350,13
2351,11
2352,16
2353,12
2354,14
2355,18
2356,12
2357,9
2358,11
2359,13
2360,9
2361,14
2362,12
2363,10
2364,21
2365,15
2366,14
2367,8
2368,12
2369,10
2370,19
2371,8
2372,11
2373,16
2374,20
2375,11
2376,16
2377,15
2378,7
2379,14
2380,10
2381,12
2382,11
2383,10
2384,14
2385,14
2386,15
2387,17
2388,11
2389,17
2390,13
2391,13
2392,15
2393,11
2394,16
2395,12
2396,18
2397,16
2398,7
2399,10
2400,6
2401,20
2402,16
2403,12
2404,11
2405,19
2406,13
2407,11
2408,10
2409,13
2410,5
2411,9
2412,11
2413,9
2414,14
2415,15
2416,14
2417,11
2418,11
2419,9
2420,13
2421,12
2422,9
2423,10
2424,12
2425,10
2426,16
2427,15
2428,13
2429,7
2430,14
2431,7
2432,15
2433,16
2434,5
2435,12
2436,7
2437,9
2438,10
2439,14
2440,12
2441,7
2442,10
2443,14
2444,13
2445,11
2446,16
2447,11
2448,9
2449,11
2450,13
2451,20
2452,13
2453,14
2454,13
2455,7
2456,14
2457,11
2458,16
2459,13
2460,14
2461,13
2462,5
2463,15
2464,14
2465,10
2466,10
2467,13
2468,17
2469,9
2470,9
2471,5
2472,15
2473,18
2474,9
2475,14
2476,9
2477,12
2478,13
2479,7
2480,12
2481,8
2482,12
2483,15
2484,15
2485,7
2486,13
2487,8
2488,18
2489,10
2490,8
2491,15
2492,6
2493,16
2494,10
2495,7
2496,13
2497,15
2498,12
2499,7
2500,11
2501,11
2502,12
2503,7
2504,14
2505,10
2506,17
2507,16
2508,17
2509,12
2510,7
2511,13
2512,10
2513,9
2514,14
2515,17
2516,17
2517,14
2518,11
2519,9
2520,19
2521,11
2522,15
2523,9
2524,9
2525,8
2526,6
2527,14
2528,14
2529,18
2530,13
2531,13
2532,3
2533,11
2534,8
2535,18
2536,11
2537,9
2538,13
2539,9
2540,9
2541,17
2542,8
2543,15
2544,12
2545,10
2546,15
2547,17
2548,18
2549,16
2550,13
2551,13
2552,9
2553,9
2554,15
2555,9
2556,11
2557,17
2558,13
2559,6
2560,11
2561,9
2562,14
2563,12
2564,8
2565,13
2566,9
2567,15
2568,14
2569,16
2570,5
2571,9
2572,13
2573,11
2574,15
2575,21
2576,7
2577,14
2578,12
2579,11
2580,13
2581,17
2582,10
2583,15
2584,10
2585,12
2586,10
2587,17
2588,14
2589,12
2590,10
2591,14
2592,15
2593,16
2594,7
2595,17
2596,16
2597,20
2598,14
2599,8
2600,11
2601,13
2602,7
2603,11
2604,8
2605,15
2606,11
2607,17
2608,17
2609,13
2610,16
2611,16
2612,13
2613,15
2614,9
2615,14
2616,8
2617,11
2618,11
2619,9
2620,14
2621,11
2622,13
2623,12
2624,11
2625,10
2626,10
2627,12
2628,12
2629,17
2630,18
2631,15
2632,16
2633,11
2634,17
2635,14
2636,22
2637,9
2638,19
2639,17
2640,12
2641,12
2642,5
2643,6
2644,4
2645,12
2646,17
2647,15
2648,3
2649,9
2650,13
2651,13
2652,11
2653,14
2654,8
2655,16
2656,14
2657,12
2658,9
2659,13
2660,14
2661,15
2662,14
2663,11
2664,14
2665,16
2666,12
2667,9
2668,8
2669,5
2670,19
2671,11
2672,10
2673,9
2674,13
2675,17
2676,13
2677,8
2678,15
2679,14
2680,9
2681,10
2682,15
2683,7
2684,14
2685,15
2686,8
2687,13
2688,12
2689,18
2690,8
2691,10
2692,8
2693,13
2694,11
2695,10
2696,11
2697,18
2698,26
2699,12
2700,23
2701,13
2702,14
2703,9
2704,14
2705,10
2706,10
2707,6
2708,18
2709,17
2710,15
2711,11
2712,9
2713,3
2714,12
2715,15
2716,9
2717,15
2718,14
2719,9
2720,12
2721,12
2722,14
2723,12
2724,15
2725,17
2726,14
2727,8
2728,16
2729,8
2730,7
2731,16
2732,17
2733,16
2734,13
2735,8
2736,16
2737,11
2738,13
2739,14
2740,21
2741,15
2742,9
2743,7
2744,14
2745,16
2746,9
2747,13
2748,9
2749,13
2750,14
2751,12
2752,14
2753,10
2754,8
2755,10
2756,22
2757,12
2758,12
2759,16
2760,8
2761,14
2762,13
2763,11
2764,14
2765,13
2766,11
2767,9
2768,8
2769,15
2770,10
2771,11
2772,8
2773,15
2774,14
2775,13
2776,12
2777,9
2778,11
2779,10
2780,10
2781,12
2782,16
2783,11
2784,16
2785,12
2786,14
2787,7
2788,9
2789,11
2790,12
2791,9
2792,7
2793,9
2794,13
2795,17
2796,18
2797,12
2798,14
2799,15
2800,7
2801,18
2802,14
2803,15
2804,21
2805,8
2806,12
2807,22
2808,19
2809,19
2810,13
2811,12
2812,9
2813,11
2814,14
2815,18
2816,8
2817,8
2818,14
2819,10
2820,13
2821,15
2822,9
2823,11
2824,16
2825,12
2826,11
2827,13
2828,18
2829,14
2830,12
2831,19
2832,11
2833,10
2834,8
2835,8
2836,14
2837,13
2838,4
2839,14
2840,10
2841,12
2842,9
2843,10
2844,8
2845,8
2846,15
2847,14
2848,11
2849,20
2850,10
2851,8
2852,12
2853,13
2854,7
2855,18
2856,10
2857,16
2858,14
2859,11
2860,11
2861,19
2862,11
2863,12
2864,7
2865,10
2866,18
2867,12
2868,15
2869,8
2870,15
2871,10
2872,14
2873,11
2874,19
2875,12
2876,13
2877,8
2878,21
2879,9
2880,10
2881,14
2882,13
2883,11
2884,15
2885,16
2886,13
2887,11
2888,17
2889,17
2890,14
2891,10
2892,9
2893,17
2894,15
2895,13
2896,7
2897,6
2898,13
2899,19
2900,14
2901,14
2902,11
2903,16
2904,7
2905,9
2906,11
2907,9
2908,10
2909,11
2910,13
2911,10
2912,10
2913,14
2914,19
2915,12
2916,11
2917,14
2918,16
2919,15
2920,16
2921,11
2922,16
2923,12
2924,15
2925,15
2926,13
2927,13
2928,12
2929,16
2930,10
2931,12
2932,17
2933,8
2934,7
2935,13
2936,13
2937,10
2938,9
2939,22
2940,17
2941,22
2942,24
2943,7
2944,13
2945,15
2946,11
2947,8
2948,13
2949,7
2950,12
2951,12
2952,15
2953,14
2954,15
2955,10
2956,13
2957,17
2958,18
2959,20
2960,7
2961,14
2962,13
2963,7
2964,11
2965,10
2966,10
2967,25
2968,14
2969,10
2970,15
2971,11
2972,14
2973,11
2974,12
2975,9
2976,12
2977,20
2978,11
2979,14
2980,17
2981,8
2982,5
2983,12
2984,13
2985,8
2986,7
2987,15
2988,10
2989,20
2990,11
2991,6
2992,10
2993,13
2994,11
2995,8
2996,12
2997,13
2998,12
2999,13
3000,13
3001,10
3002,9
3003,9
3004,11
3005,24
3006,17
3007,19
3008,11
3009,13
3010,10
3011,10
3012,14
3013,10
3014,11
3015,15
3016,13
3017,17
3018,10
3019,15
3020,9
3021,10
3022,15
3023,9
3024,9
3025,7
3026,9
3027,15
3028,10
3029,8
3030,8
3031,20
3032,10
3033,11
3034,15
3035,11
3036,10
3037,9
3038,14
3039,10
3040,6
3041,16
3042,8
3043,13
3044,14
3045,10
3046,12
3047,11
3048,21
3049,9
3050,11
3051,19
3052,13
3053,10
3054,9
3055,4
3056,17
3057,11
3058,9
3059,16
3060,14
3061,8
3062,6
3063,13
3064,15
3065,17
3066,16
3067,14
3068,8
3069,10
3070,17
3071,11
3072,10
3073,16
3074,13
3075,15
3076,14
3077,10
3078,14
3079,17
3080,8
3081,12
3082,6
3083,18
3084,14
3085,9
3086,15
3087,10
3088,8
3089,15
3090,10
3091,14
3092,14
3093,17
3094,8
3095,14
3096,15
3097,14
3098,9
3099,9
3100,8
3101,13
3102,9
3103,15
3104,14
3105,11
3106,10
3107,17
3108,13
3109,14
3110,16
3111,11
3112,8
3113,14
3114,12
3115,15
3116,13
3117,14
3118,13
3119,10
3120,7
3121,17
3122,9
3123,14
3124,10
3125,13
3126,9
3127,21
3128,17
3129,12
3130,12
3131,16
3132,9
3133,9
3134,14
3135,8
3136,14
3137,18
3138,11
3139,18
3140,11
3141,9
3142,15
3143,11
3144,9
3145,10
3146,15
3147,10
3148,9
3149,12
3150,5
3151,13
3152,6
3153,6
3154,10
3155,18
3156,17
3157,7
3158,12
3159,7
3160,7
3161,8
3162,8
3163,14
3164,11
3165,11
3166,14
3167,12
3168,12
3169,17
3170,8
3171,8
3172,18
3173,10
3174,16
3175,13
3176,11
3177,5
3178,9
3179,11
3180,13
3181,13
3182,13
3183,14
3184,11
3185,17
3186,13
3187,13
3188,14
3189,19
3190,13
3191,13
3192,18
3193,18
3194,13
3195,13
3196,16
3197,13
3198,22
3199,16
3200,12
3201,15
3202,9
3203,11
3204,9
3205,11
3206,11
3207,13
3208,11
3209,18
3210,12
3211,13
3212,9
3213,16
3214,9
3215,15
3216,11
3217,16
3218,13
3219,14
3220,14
3221,15
3222,10
3223,15
3224,12
3225,26
3226,5
3227,12
3228,13
3229,9
3230,11
3231,13
3232,9
3233,15
3234,11
3235,13
3236,16
3237,10
3238,15
3239,14
3240,12
3241,13
3242,18
3243,12
3244,9
3245,14
3246,15
3247,11
3248,10
3249,10
3250,12
3251,17
3252,7
3253,12
3254,13
3255,13
3256,11
3257,17
3258,11
3259,14
3260,18
3261,17
3262,13
3263,9
3264,12
3265,15
3266,16
3267,18
3268,14
3269,9
3270,12
3271,12
3272,11
3273,14
3274,12
3275,9
3276,18
3277,17
3278,10
3279,15
3280,12
3281,11
3282,12
3283,10
3284,13
3285,15
3286,12
3287,10
3288,11
3289,17
3290,9
3291,16
3292,13
3293,10
3294,14
3295,12
3296,13
3297,15
3298,12
3299,12
3300,13
3301,15
3302,10
3303,17
3304,12
3305,16
3306,18
3307,13
3308,14
3309,9
3310,12
3311,21
3312,17
3313,10
3314,8
3315,9
3316,13
3317,17
3318,12
3319,16
3320,10
3321,16
3322,16
3323,7
3324,12
3325,7
3326,11
3327,15
3328,15
3329,14
3330,10
3331,13
3332,15
3333,12
3334,9
3335,10
3336,20
3337,15
3338,15
3339,14
3340,11
3341,12
3342,15
3343,17
3344,12
3345,13
3346,8
3347,16
3348,10
3349,14
3350,9
3351,9
3352,19
3353,14
3354,16
3355,16
3356,13
3357,11
3358,11
3359,21
3360,6
3361,10
3362,13
3363,15
3364,11
3365,17
3366,13
3367,15
3368,14
3369,13
3370,7
3371,12
3372,16
3373,14
3374,17
3375,7
3376,10
3377,18
3378,10
3379,7
3380,16
3381,12
3382,8
3383,11
3384,9
3385,6
3386,11
3387,8
3388,9
3389,12
3390,15
3391,12
3392,15
3393,9
3394,13
3395,12
3396,10
3397,16
3398,11
3399,19
3400,15
3401,13
3402,7
3403,9
3404,15
3405,16
3406,13
3407,9
3408,17
3409,13
3410,10
3411,10
3412,10
3413,10
3414,9
3415,8
3416,14
3417,14
3418,10
3419,12
3420,12
3421,8
3422,10
3423,17
3424,17
3425,14
3426,11
3427,17
3428,12
3429,16
3430,11
3431,21
3432,15
3433,12
3434,13
3435,13
3436,11
3437,16
3438,16
3439,13
3440,18
3441,8
3442,14
3443,15
3444,4
3445,24
3446,15
3447,13
3448,21
3449,13
3450,9
3451,10
3452,10
3453,11
3454,12
3455,12
3456,9
3457,9
3458,11
3459,15
3460,16
3461,12
3462,7
3463,5
3464,9
3465,8
3466,9
3467,13
3468,14
3469,17
3470,11
3471,9
3472,18
3473,18
3474,10
3475,11
3476,10
3477,6
3478,8
3479,10
3480,8
3481,19
3482,14
3483,15
3484,16
3485,15
3486,16
3487,5
3488,13
3489,15
3490,11
3491,14
3492,18
3493,15
3494,12
3495,20
3496,15
3497,9
3498,14
3499,10
3500,21
3501,15
3502,14
3503,12
3504,12
3505,16
3506,14
3507,16
3508,12
3509,16
3510,13
3511,13
3512,18
3513,15
3514,12
3515,13
3516,17
3517,15
3518,12
3519,9
3520,14
3521,16
3522,14
3523,14
3524,20
3525,10
3526,17
3527,16
3528,18
3529,9
3530,15
3531,15
3532,11
3533,8
3534,13
3535,10
3536,19
3537,9
3538,10
3539,16
3540,15
3541,16
3542,13
3543,9
3544,15
3545,5
3546,7
3547,13
3548,11
3549,10
3550,21
3551,16
3552,17
3553,7
3554,7
3555,11
3556,6
3557,10
3558,10
3559,20
3560,14
3561,16
3562,11
3563,19
3564,12
3565,17
3566,12
3567,13
3568,13
3569,12
3570,13
3571,10
3572,19
3573,12
3574,10
3575,13
3576,11
3577,16
3578,19
3579,14
3580,12
3581,25
3582,16
3583,12
3584,9
3585,14
3586,17
3587,14
3588,12
3589,10
3590,17
3591,17
3592,12
3593,14
3594,15
3595,15
3596,9
3597,11
3598,6
3599,15
3600,16
3601,18
3602,15
3603,14
3604,12
3605,14
3606,12
3607,16
3608,14
3609,9
3610,10
3611,10
3612,15
3613,9
3614,12
3615,9
3616,13
3617,14
3618,12
3619,7
3620,15
3621,10
3622,9
3623,8
3624,15
3625,8
3626,11
3627,11
3628,12
3629,10
3630,14
3631,9
3632,8
3633,18
3634,9
3635,19
3636,14
3637,9
3638,13
3639,11
3640,11
3641,12
3642,17
3643,17
3644,9
3645,11
3646,9
3647,12
3648,13
3649,12
3650,12
3651,21
3652,10
3653,12
3654,14
3655,17
3656,9
3657,22
3658,11
3659,10
3660,11
3661,15
3662,19
3663,16
3664,8
3665,14
3666,17
3667,17
3668,9
3669,10
3670,16
3671,10
3672,16
3673,12
3674,13
3675,9
3676,12
3677,9
3678,8
3679,13
3680,12
3681,13
3682,17
3683,14
3684,9
3685,13
3686,15
3687,12
3688,13
3689,15
3690,18
3691,14
3692,16
3693,13
3694,13
3695,11
3696,16
3697,6
3698,13
3699,16
3700,12
3701,13
3702,17
3703,12
3704,19
3705,17
3706,17
3707,12
3708,13
3709,7
3710,10
3711,11
3712,8
3713,13
3714,12
3715,8
3716,17
3717,7
3718,18
3719,13
3720,15
3721,9
3722,14
3723,9
3724,16
3725,18
3726,10
3727,14
3728,12
3729,5
3730,15
3731,14
3732,7
3733,16
3734,17
3735,14
3736,12
3737,20
3738,10
3739,14
3740,19
3741,17
3742,14
3743,14
3744,11
3745,19
3746,14
3747,13
3748,8
3749,11
3750,15
3751,14
3752,10
3753,9
3754,14
3755,8
3756,11
3757,17
3758,11
3759,11
3760,12
3761,17
3762,9
3763,16
3764,10
3765,15
3766,12
3767,6
3768,15
3769,9
3770,17
3771,12
3772,14
3773,18
3774,17
3775,12
3776,15
3777,8
3778,8
3779,10
3780,10
3781,14
3782,11
3783,11
3784,9
3785,16
3786,15
3787,14
3788,8
3789,10
3790,10
3791,14
3792,9
3793,12
3794,8
3795,20
3796,8
3797,19
3798,19
3799,8
3800,12
3801,11
3802,8
3803,10
3804,13
3805,9
3806,16
3807,16
3808,7
3809,16
3810,5
3811,17
3812,12
3813,17
3814,9
3815,11
3816,8
3817,19
3818,12
3819,10
3820,9
3821,12
3822,20
3823,14
3824,20
3825,17
3826,18
3827,11
3828,11
3829,16
3830,16
3831,14
3832,15
3833,15
3834,9
3835,9
3836,10
3837,9
3838,15
3839,11
3840,6
3841,14
3842,9
3843,10
3844,12
3845,11
3846,10
3847,10
3848,12
3849,13
3850,14
3851,14
3852,12
3853,13
3854,14
3855,13
3856,13
3857,10
3858,17
3859,15
3860,13
3861,15
3862,15
3863,13
3864,13
3865,18
3866,12
3867,11
3868,15
3869,18
3870,13
3871,10
3872,11
3873,20
3874,10
3875,11
3876,11
3877,17
3878,12
3879,10
3880,12
3881,10
3882,13
3883,13
3884,9
3885,8
3886,14
3887,15
3888,12
3889,8
3890,16
3891,12
3892,10
3893,8
3894,8
3895,13
3896,11
3897,13
3898,19
3899,11
3900,14
3901,8
3902,16
3903,8
3904,16
3905,8
3906,10
3907,16
3908,19
3909,9
3910,11
3911,14
3912,7
3913,10
3914,15
3915,11
3916,19
3917,13
3918,10
3919,14
3920,12
3921,9
3922,6
3923,14
3924,17
3925,13
3926,7
3927,8
3928,11
3929,13
3930,13
3931,13
3932,14
3933,17
3934,18
3935,15
3936,17
3937,15
3938,11
3939,9
3940,10
3941,10
3942,14
3943,8
3944,9
3945,15
3946,10
3947,15
3948,17
3949,13
3950,13
3951,16
3952,14
3953,11
3954,9
3955,18
3956,6
3957,14
3958,12
3959,12
3960,12
3961,18
3962,16
3963,6
3964,12
3965,15
3966,15
3967,17
3968,14
3969,20
3970,17
3971,13
3972,10
3973,16
3974,11
3975,23
3976,4
3977,14
3978,8
3979,12
3980,7
3981,11
3982,10
3983,12
3984,14
3985,17
3986,10
3987,10
3988,10
3989,16
3990,17
3991,20
3992,10
3993,8
3994,14
3995,18
3996,7
3997,16
3998,10
3999,15
4000,11
4001,11
4002,14
4003,14
4004,14
4005,8
4006,15
4007,15
4008,15
4009,17
4010,13
4011,14
4012,16
4013,10
4014,13
4015,12
4016,16
4017,13
4018,10
4019,13
4020,18
4021,15
4022,8
4023,11
4024,14
4025,12
4026,14
4027,12
4028,8
4029,15
4030,12
4031,6
4032,18
4033,11
4034,9
4035,11
4036,15
4037,10
4038,11
4039,11
4040,16
4041,8
4042,16
4043,13
4044,10
4045,12
4046,18
4047,11
4048,14
4049,14
4050,10
4051,10
4052,14
4053,14
4054,9
4055,12
4056,17
4057,15
4058,13
4059,14
4060,11
4061,15
4062,14
4063,16
4064,9
4065,15
4066,8
4067,10
4068,11
4069,11
4070,14
4071,4
4072,7
4073,13
4074,9
4075,12
4076,7
4077,12
4078,19
4079,15
4080,10
4081,13
4082,15
4083,9
4084,5
4085,10
4086,15
4087,14
4088,17
4089,10
4090,10
4091,16
4092,10
4093,12
4094,13
4095,10
4096,12
4097,14
4098,6
4099,10
4100,20
4101,8
4102,11
4103,8
4104,14
4105,10
4106,16
4107,18
4108,12
4109,6
4110,13
4111,14
4112,10
4113,14
4114,14
4115,12
4116,9
4117,9
4118,14
4119,8
4120,14
4121,9
4122,7
4123,12
4124,8
4125,11
4126,13
4127,13
4128,14
4129,7
4130,14
4131,13
4132,9
4133,18
4134,9
4135,14
4136,14
4137,18
4138,9
4139,12
4140,15
4141,13
4142,9
4143,13
4144,20
4145,20
4146,18
4147,16
4148,11
4149,14
4150,12
4151,15
4152,21
4153,10
4154,12
4155,15
4156,22
4157,10
4158,17
4159,14
4160,14
4161,12
4162,11
4163,9
4164,9
4165,16
4166,8
4167,17
4168,4
4169,15
4170,11
4171,14
4172,16
4173,7
4174,12
4175,8
4176,11
4177,9
4178,7
4179,15
4180,18
4181,13
4182,8
4183,11
4184,9
4185,18
4186,17
4187,10
4188,12
4189,14
4190,15
4191,11
4192,11
4193,10
4194,15
4195,15
4196,8
4197,11
4198,8
4199,16
4200,11
4201,11
4202,12
4203,17
4204,10
4205,14
4206,17
4207,11
4208,7
4209,14
4210,15
4211,15
4212,15
4213,18
4214,18
4215,10
4216,8
4217,9
4218,13
4219,15
4220,16
4221,10
4222,10
4223,12
4224,8
4225,9
4226,11
4227,12
4228,10
4229,13
4230,11
4231,4
4232,13
4233,16
4234,15
4235,8
4236,11
4237,7
4238,14
4239,12
4240,10
4241,14
4242,19
4243,8
4244,13
4245,12
4246,18
4247,10
4248,21
4249,18
4250,16
4251,21
4252,12
4253,11
4254,19
4255,8
4256,18
4257,9
4258,14
4259,12
4260,11
4261,9
4262,11
4263,14
4264,6
4265,15
4266,9
4267,10
4268,15
4269,15
4270,18
4271,11
4272,16
4273,15
4274,13
4275,9
4276,14
4277,15
4278,9
4279,15
4280,10
4281,12
4282,11
4283,9
4284,14
4285,17
4286,15
4287,12
4288,9
4289,15
4290,10
4291,21
4292,18
4293,15
4294,11
4295,12
4296,14
4297,17
4298,8
4299,11
4300,12
4301,6
4302,18
4303,8
4304,11
4305,9
4306,16
4307,10
4308,10
4309,13
4310,16
4311,11
4312,11
4313,11
4314,12
4315,8
4316,13
4317,16
4318,16
4319,20
4320,11
4321,20
4322,15
4323,12
4324,10
4325,18
4326,12
4327,13
4328,13
4329,10
4330,10
4331,17
4332,11
4333,16
4334,16
4335,13
4336,11
4337,18
4338,9
4339,20
4340,12
4341,12
4342,10
4343,20
4344,13
4345,10
4346,11
4347,7
4348,19
4349,14
4350,16
4351,12
4352,14
4353,18
4354,7
4355,13
4356,17
4357,10
4358,11
4359,13
4360,16
4361,16
4362,19
4363,7
4364,17
4365,12
4366,12
4367,12
4368,10
4369,11
4370,6
4371,10
4372,11
4373,19
4374,11
4375,10
4376,19
4377,13
4378,9
4379,13
4380,16
4381,18
4382,13
4383,10
4384,9
4385,7
4386,17
4387,13
4388,6
4389,14
4390,13
4391,12
4392,9
4393,14
4394,12
4395,8
4396,11
4397,10
4398,19
4399,9
4400,14
4401,20
4402,15
4403,12
4404,13
4405,10
4406,12
4407,12
4408,15
4409,15
4410,8
4411,14
4412,19
4413,18
4414,6
4415,18
4416,14
4417,16
4418,12
4419,13
4420,11
4421,21
4422,14
4423,15
4424,10
4425,19
4426,12
4427,9
4428,13
4429,13
4430,11
4431,15
4432,14
4433,17
4434,12
4435,12
4436,13
4437,12
4438,5
4439,17
4440,11
4441,21
4442,13
4443,14
4444,8
4445,16
4446,11
4447,15
4448,11
4449,15
4450,20
4451,9
4452,20
4453,18
4454,13
4455,9
4456,11
4457,12
4458,17
4459,10
4460,14
4461,12
4462,9
4463,14
4464,12
4465,11
4466,20
4467,12
4468,13
4469,16
4470,22
4471,14
4472,10
4473,17
4474,10
4475,12
4476,17
4477,8
4478,17
4479,10
4480,12
4481,14
4482,11
4483,8
4484,10
4485,11
4486,7
4487,12
4488,6
4489,11
4490,14
4491,11
4492,13
4493,13
4494,7
4495,11
4496,14
4497,16
4498,18
4499,12
4500,16
4501,10
4502,11
4503,8
4504,10
4505,10
4506,11
4507,14
4508,7
4509,13
4510,11
4511,10
4512,12
4513,15
4514,13
4515,20
4516,12
4517,10
4518,10
4519,12
4520,16
4521,17
4522,13
4523,5
4524,10
4525,14
4526,19
4527,24
4528,8
4529,11
4530,15
4531,15
4532,13
4533,9
4534,8
4535,16
4536,15
4537,13
4538,11
4539,11
4540,14
4541,14
4542,15
4543,3
4544,16
4545,17
4546,16
4547,16
4548,16
4549,13
4550,10
4551,13
4552,14
4553,18
4554,14
4555,16
4556,6
4557,11
4558,17
4559,8
4560,16
4561,15
4562,9
4563,14
4564,11
4565,8
4566,20
4567,16
4568,11
4569,10
4570,11
4571,18
4572,13
4573,10
4574,12
4575,8
4576,11
4577,14
4578,7
4579,11
4580,7
4581,15
4582,10
4583,10
4584,12
4585,16
4586,10
4587,13
4588,13
4589,11
4590,12
4591,10
4592,14
4593,18
4594,14
4595,12
4596,9
4597,12
4598,15
4599,13
4600,17
4601,23
4602,8
4603,12
4604,15
4605,16
4606,12
4607,17
4608,8
4609,5
4610,7
4611,17
4612,9
4613,12
4614,12
4615,12
4616,22
4617,10
4618,5
4619,15
4620,9
4621,9
4622,12
4623,6
4624,16
4625,12
4626,8
4627,11
4628,9
4629,13
4630,15
4631,8
4632,11
4633,13
4634,12
4635,14
4636,16
4637,14
4638,15
4639,17
4640,12
4641,20
4642,11
4643,16
4644,18
4645,11
4646,15
4647,7
4648,16
4649,10
4650,14
4651,15
4652,11
4653,11
4654,13
4655,19
4656,11
4657,12
4658,11
4659,15
4660,13
4661,10
4662,15
4663,7
4664,14
4665,13
4666,12
4667,19
4668,12
4669,13
4670,10
4671,14
4672,9
4673,14
4674,9
4675,9
4676,11
4677,9
4678,25
4679,8
4680,8
4681,11
4682,12
4683,16
4684,14
4685,10
4686,18
4687,18
4688,15
4689,13
4690,16
4691,14
4692,18
4693,9
4694,16
4695,15
4696,9
4697,13
4698,12
4699,10
4700,17
4701,12
4702,9
4703,12
4704,14
4705,11
4706,17
4707,13
4708,8
4709,13
4710,8
4711,12
4712,16
4713,10
4714,10
4715,15
4716,8
4717,13
4718,11
4719,12
4720,19
4721,13
4722,12
4723,10
4724,7
4725,12
4726,13
4727,8
4728,15
4729,13
4730,12
4731,14
4732,12
4733,8
4734,11
4735,16
4736,13
4737,11
4738,9
4739,11
4740,11
4741,10
4742,9
4743,9
4744,20
4745,14
4746,17
4747,15
4748,14
4749,19
4750,14
4751,12
4752,11
4753,11
4754,14
4755,14
4756,10
4757,11
4758,9
4759,19
4760,12
4761,19
4762,9
4763,10
4764,11
4765,12
4766,14
4767,12
4768,15
4769,14
4770,15
4771,15
4772,13
4773,7
4774,8
4775,10
4776,15
4777,14
4778,14
4779,12
4780,10
4781,13
4782,8
4783,7
4784,11
4785,26
4786,7
4787,13
4788,12
4789,8
4790,10
4791,12
4792,12
4793,14
4794,14
4795,13
4796,14
4797,13
4798,15
4799,13
4800,6
4801,11
4802,12
4803,10
4804,6
4805,11
4806,8
4807,18
4808,10
4809,13
4810,17
4811,15
4812,11
4813,13
4814,11
4815,11
4816,13
4817,13
4818,14
4819,12
4820,10
4821,14
4822,17
4823,8
4824,8
4825,15
4826,9
4827,10
4828,12
4829,8
4830,10
4831,13
4832,15
4833,11
4834,9
4835,12
4836,12
4837,14
4838,10
4839,16
4840,22
4841,9
4842,14
4843,9
4844,10
4845,10
4846,9
4847,16
4848,5
4849,11
4850,14
4851,13
4852,10
4853,10
4854,10
4855,14
4856,18
4857,14
4858,18
4859,11
4860,9
4861,10
4862,13
4863,13
4864,13
4865,9
4866,11
4867,12
4868,13
4869,12
4870,14
4871,13
4872,18
4873,10
4874,18
4875,14
4876,13
4877,18
4878,12
4879,21
4880,23
4881,15
4882,15
4883,11
4884,12
4885,15
4886,17
4887,13
4888,20
4889,7
4890,8
4891,12
4892,11
4893,10
4894,14
4895,8
4896,13
4897,13
4898,18
4899,10
4900,15
4901,8
4902,12
4903,18
4904,10
4905,6
4906,14
4907,15
4908,12
4909,13
4910,17
4911,13
4912,15
4913,13
4914,6
4915,11
4916,12
4917,16
4918,10
4919,11
4920,9
4921,18
4922,10
4923,13
4924,9
4925,17
4926,14
4927,13
4928,15
4929,11
4930,13
4931,12
4932,16
4933,10
4934,18
4935,13
4936,15
4937,19
4938,11
4939,16
4940,12
4941,15
4942,16
4943,11
4944,10
4945,15
4946,25
4947,10
4948,10
4949,14
4950,11
4951,8
4952,11
4953,13
4954,11
4955,9
4956,13
4957,19
4958,9
4959,10
4960,11
4961,17
4962,11
4963,15
4964,12
4965,18
4966,15
4967,12
4968,12
4969,9
4970,14
4971,15
4972,15
4973,17
4974,16
4975,18
4976,8
4977,12
4978,7
4979,22
4980,11
4981,10
4982,7
4983,7
4984,15
4985,17
4986,15
4987,14
4988,14
4989,9
4990,5
4991,15
4992,14
4993,13
4994,13
4995,12
4996,15
4997,6
4998,15
4999,8
5000,7
5001,14
5002,11
5003,6
5004,10
5005,15
5006,19
5007,7
5008,17
5009,14
5010,12
5011,10
5012,11
5013,9
5014,7
5015,13
5016,14
5017,14
5018,10
5019,12
5020,21
5021,14
5022,10
5023,9
5024,18
5025,13
5026,12
5027,13
5028,19
5029,9
5030,12
5031,18
5032,13
5033,11
5034,10
5035,7
5036,12
5037,18
5038,10
5039,14
5040,6
5041,12
5042,11
5043,23
5044,13
5045,14
5046,14
5047,16
5048,11
5049,12
5050,16
5051,11
5052,6
5053,16
5054,13
5055,7
5056,10
5057,13
5058,15
5059,11
5060,8
5061,13
5062,17
5063,5
5064,13
5065,19
5066,9
5067,12
5068,11
5069,9
5070,18
5071,11
5072,11
5073,6
5074,13
5075,10
5076,11
5077,15
5078,14
5079,9
5080,17
5081,11
5082,20
5083,15
5084,12
5085,16
5086,12
5087,15
5088,17
5089,12
5090,19
5091,11
5092,15
5093,13
5094,8
5095,6
5096,14
5097,8
5098,17
5099,7
5100,8
5101,11
5102,14
5103,14
5104,17
5105,14
5106,16
5107,20
5108,16
5109,7
5110,11
5111,9
5112,19
5113,15
5114,13
5115,16
5116,7
5117,17
5118,12
5119,9
5120,15
5121,11
5122,10
5123,18
5124,14
5125,9
5126,16
5127,10
5128,8
5129,13
5130,11
5131,10
5132,12
5133,13
5134,12
5135,13
5136,12
5137,10
5138,9
5139,8
5140,12
5141,13
5142,18
5143,10
5144,11
5145,15
5146,15
5147,13
5148,11
5149,17
5150,19
5151,10
5152,9
5153,11
5154,11
5155,17
5156,11
5157,10
5158,17
5159,10
5160,7
5161,13
5162,14
5163,12
5164,18
5165,17
5166,12
5167,18
5168,14
5169,15
5170,14
5171,11
5172,11
5173,12
5174,10
5175,9
5176,13
5177,10
5178,13
5179,10
5180,15
5181,12
5182,9
5183,14
5184,10
5185,13
5186,10
5187,11
5188,16
5189,5
5190,10
5191,9
5192,20
5193,8
5194,13
5195,8
5196,6
5197,8
5198,11
5199,13
5200,13
5201,11
5202,7
5203,13
5204,16
5205,10
5206,10
5207,13
5208,16
5209,9
5210,11
5211,18
5212,13
5213,11
5214,13
5215,13
5216,18
5217,12
5218,19
5219,13
5220,11
5221,13
5222,9
5223,10
5224,16
5225,10
5226,12
5227,14
5228,21
5229,14
5230,11
5231,13
5232,14
5233,15
5234,14
5235,11
5236,18
5237,14
5238,12
5239,15
5240,18
5241,12
5242,10
5243,15
5244,19
5245,13
5246,15
5247,18
5248,15
5249,13
5250,13
5251,14
5252,13
5253,9
5254,14
5255,18
5256,12
5257,9
5258,10
5259,17
5260,14
5261,6
5262,12
5263,21
5264,11
5265,10
5266,10
5267,6
5268,12
5269,20
5270,10
5271,12
5272,13
5273,15
5274,16
5275,11
5276,13
5277,8
5278,12
5279,11
5280,16
5281,22
5282,18
5283,13
5284,15
5285,10
5286,13
5287,9
5288,18
5289,7
5290,13
5291,16
5292,8
5293,13
5294,7
5295,19
5296,14
5297,9
5298,9
5299,6
5300,14
5301,10
5302,9
5303,15
5304,7
5305,12
5306,13
5307,18
5308,5
5309,10
5310,19
5311,9
5312,13
5313,8
5314,16
5315,14
5316,15
5317,16
5318,16
5319,10
5320,13
5321,16
5322,10
5323,21
5324,9
5325,7
5326,8
5327,15
5328,13
5329,13
5330,13
5331,11
5332,16
5333,11
5334,16
5335,11
5336,10
5337,18
5338,18
5339,11
5340,18
5341,11
5342,15
5343,11
5344,9
5345,7
5346,7
5347,17
5348,10
5349,16
5350,8
5351,17
5352,12
5353,8
5354,13
5355,8
5356,7
5357,11
5358,10
5359,17
5360,10
5361,10
5362,12
5363,14
5364,11
5365,19
5366,12
5367,12
5368,10
5369,4
5370,15
5371,16
5372,13
5373,16
5374,23
5375,12
5376,12
5377,16
5378,12
5379,12
5380,10
5381,13
5382,10
5383,11
5384,9
5385,7
5386,9
5387,13
5388,19
5389,13
5390,19
5391,9
5392,13
5393,6
5394,18
5395,11
5396,13
5397,21
5398,9
5399,8
5400,8
5401,10
5402,7
5403,15
5404,10
5405,11
5406,12
5407,19
5408,12
5409,16
5410,13
5411,8
5412,16
5413,14
5414,6
5415,13
5416,21
5417,8
5418,15
5419,9
5420,14
5421,13
5422,11
5423,12
5424,14
5425,14
5426,8
5427,11
5428,17
5429,7
5430,15
5431,11
5432,14
5433,9
5434,15
5435,11
5436,8
5437,10
5438,9
5439,18
5440,11
5441,10
5442,13
5443,14
5444,12
5445,15
5446,8
5447,14
5448,10
5449,10
5450,15
5451,14
5452,16
5453,13
5454,18
5455,9
5456,12
5457,7
5458,16
5459,11
5460,12
5461,8
5462,14
5463,13
5464,9
5465,15
5466,18
5467,18
5468,24
5469,12
5470,17
5471,14
5472,12
5473,9
5474,15
5475,18
5476,13
5477,10
5478,15
5479,17
5480,11
5481,11
5482,12
5483,18
5484,15
5485,9
5486,10
5487,14
5488,21
5489,15
5490,10
5491,18
5492,10
5493,20
5494,10
5495,17
5496,10
5497,12
5498,11
5499,15
5500,11
5501,10
5502,22
5503,6
5504,5
5505,12
5506,14
5507,13
5508,16
5509,14
5510,22
5511,15
5512,12
5513,16
5514,9
5515,17
5516,15
5517,12
5518,14
5519,12
5520,16
5521,9
5522,14
5523,9
5524,19
5525,14
5526,15
5527,17
5528,9
5529,10
5530,21
5531,10
5532,11
5533,13
5534,18
5535,15
5536,12
5537,19
5538,16
5539,16
5540,13
5541,12
5542,10
5543,17
5544,13
5545,18
5546,14
5547,13
5548,20
5549,11
5550,15
5551,10
5552,10
5553,14
5554,11
5555,13
5556,6
5557,12
5558,12
5559,10
5560,6
5561,19
5562,14
5563,13
5564,11
5565,13
5566,12
5567,10
5568,9
5569,14
5570,13
5571,9
5572,14
5573,20
5574,14
5575,15
5576,11
5577,12
5578,14
5579,12
5580,8
5581,14
5582,15
5583,13
5584,16
5585,11
5586,17
5587,14
5588,18
5589,11
5590,18
5591,10
5592,10
5593,15
5594,16
5595,12
5596,14
5597,8
5598,11
5599,15
5600,7
5601,14
5602,14
5603,13
5604,17
5605,7
5606,17
5607,7
5608,12
5609,10
5610,13
5611,11
5612,14
5613,14
5614,22
5615,13
5616,11
5617,7
5618,14
5619,15
5620,10
5621,8
5622,18
5623,12
5624,17
5625,11
5626,14
5627,10
5628,13
5629,17
5630,13
5631,9
5632,11
5633,12
5634,6
5635,9
5636,11
5637,14
5638,13
5639,16
5640,10
5641,13
5642,16
5643,14
5644,9
5645,11
5646,7
5647,17
5648,14
5649,10
5650,9
5651,9
5652,16
5653,11
5654,13
5655,13
5656,12
5657,9
5658,11
5659,19
5660,10
5661,13
5662,14
5663,11
5664,10
5665,14
5666,14
5667,11
5668,11
5669,11
5670,10
5671,11
5672,9
5673,14
5674,10
5675,2
5676,9
5677,6
5678,11
5679,17
5680,6
5681,14
5682,15
5683,14
5684,14
5685,15
5686,11
5687,17
5688,11
5689,15
5690,9
5691,12
5692,14
5693,12
5694,15
5695,8
5696,11
5697,10
5698,14
5699,9
5700,10
5701,15
5702,12
5703,18
5704,17
5705,8
5706,11
5707,13
5708,14
5709,14
5710,11
5711,18
5712,10
5713,13
5714,12
5715,9
5716,11
5717,17
5718,15
5719,12
5720,15
5721,10
5722,12
5723,13
5724,17
5725,9
5726,14
5727,13
5728,11
5729,12
5730,11
5731,20
5732,10
5733,11
5734,12
5735,16
5736,12
5737,11
5738,12
5739,11
5740,12
5741,12
5742,19
5743,17
5744,18
5745,11
5746,14
5747,15
5748,18
5749,12
5750,10
5751,11
5752,9
5753,14
5754,14
5755,9
5756,13
5757,13
5758,12
5759,9
5760,22
5761,11
5762,13
5763,14
5764,7
5765,15
5766,16
5767,14
5768,15
5769,17
5770,15
5771,15
5772,7
5773,14
5774,13
5775,8
5776,6
5777,15
5778,15
5779,11
5780,13
5781,12
5782,12
5783,14
5784,16
5785,9
5786,13
5787,11
5788,22
5789,21
5790,22
5791,11
5792,16
5793,21
5794,14
5795,6
5796,14
5797,14
5798,8
5799,8
5800,15
5801,16
5802,8
5803,12
5804,14
5805,10
5806,20
5807,27
5808,9
5809,16
5810,15
5811,11
5812,15
5813,10
5814,13
5815,8
5816,15
5817,14
5818,16
5819,7
5820,14
5821,15
5822,12
5823,8
5824,6
5825,10
5826,8
5827,14
5828,6
5829,14
5830,11
5831,8
5832,12
5833,13
5834,9
5835,13
5836,10
5837,12
5838,8
5839,9
5840,17
5841,11
5842,7
5843,14
5844,13
5845,13
5846,10
5847,16
5848,17
5849,8
5850,15
5851,10
5852,15
5853,8
5854,13
5855,12
5856,8
5857,8
5858,15
5859,13
5860,16
5861,8
5862,10
5863,11
5864,12
5865,10
5866,5
5867,9
5868,12
5869,12
5870,13
5871,8
5872,21
5873,18
5874,7
5875,16
5876,13
5877,16
5878,11
5879,14
5880,15
5881,12
5882,14
5883,13
5884,11
5885,11
5886,9
5887,21
5888,5
5889,8
5890,10
5891,14
5892,12
5893,14
5894,11
5895,11
5896,13
5897,16
5898,8
5899,17
5900,13
5901,5
5902,9
5903,7
5904,13
5905,19
5906,9
5907,16
5908,19
5909,12
5910,14
5911,10
5912,9
5913,17
5914,13
5915,9
5916,9
5917,17
5918,13
5919,11
5920,13
5921,11
5922,10
5923,9
5924,13
5925,16
5926,13
5927,16
5928,11
5929,9
5930,10
5931,14
5932,14
5933,9
5934,23
5935,10
5936,9
5937,13
5938,11
5939,10
5940,8
5941,17
5942,12
5943,18
5944,10
5945,14
5946,16
5947,12
5948,7
5949,11
5950,11
5951,10
5952,12
5953,10
5954,21
5955,13
5956,15
5957,11
5958,11
5959,14
5960,17
5961,14
5962,16
5963,8
5964,9
5965,13
5966,11
5967,12
5968,10
5969,8
5970,13
5971,7
5972,10
5973,12
5974,12
5975,14
5976,18
5977,13
5978,14
5979,14
5980,6
5981,10
5982,10
5983,8
5984,14
5985,12
5986,9
5987,11
5988,7
5989,9
5990,13
5991,21
5992,14
5993,8
5994,12
5995,6
5996,17
5997,16
5998,14
5999,15
6000,14
6001,8
6002,16
6003,10
6004,16
6005,13
6006,20
6007,14
6008,9
6009,11
6010,13
6011,12
6012,13
6013,8
6014,8
6015,13
6016,9
6017,16
6018,12
6019,13
6020,14
6021,14
6022,17
6023,15
6024,10
6025,13
6026,12
6027,12
6028,14
6029,8
6030,8
6031,11
6032,17
6033,11
6034,7
6035,8
6036,13
6037,16
6038,10
6039,11
6040,13
6041,14
6042,15
6043,9
6044,14
6045,21
6046,15
6047,14
6048,14
6049,14
6050,6
6051,11
6052,16
6053,13
6054,9
6055,13
6056,13
6057,12
6058,11
6059,11
6060,12
6061,3
6062,17
6063,16
6064,13
6065,15
6066,12
6067,14
6068,12
6069,13
6070,11
6071,13
6072,7
6073,14
6074,17
6075,8
6076,18
6077,10
6078,11
6079,10
6080,9
6081,14
6082,9
6083,15
6084,7
6085,14
6086,8
6087,12
6088,18
6089,10
6090,19
6091,14
6092,17
6093,10
6094,15
6095,11
6096,12
6097,14
6098,13
6099,12
6100,6
6101,9
6102,17
6103,10
6104,15
6105,17
6106,18
6107,13
6108,14
6109,11
6110,13
6111,11
6112,15
6113,14
6114,10
6115,11
6116,9
6117,10
6118,10
6119,15
6120,11
6121,11
6122,16
6123,21
6124,22
6125,15
6126,14
6127,20
6128,20
6129,11
6130,16
6131,12
6132,17
6133,15
6134,9
6135,20
6136,13
6137,16
6138,10
6139,12
6140,15
6141,13
6142,9
6143,8
6144,11
6145,10
6146,13
6147,22
6148,13
6149,18
6150,20
6151,20
6152,11
6153,11
6154,8
6155,19
6156,8
6157,14
6158,19
6159,13
6160,17
6161,11
6162,12
6163,16
6164,13
6165,14
6166,15
6167,9
6168,7
6169,10
6170,6
6171,9
6172,14
6173,10
6174,18
6175,16
6176,13
6177,16
6178,19
6179,14
6180,11
6181,9
6182,17
6183,11
6184,15
6185,16
6186,11
6187,11
6188,18
6189,16
6190,2
6191,17
6192,15
6193,15
6194,12
6195,14
6196,13
6197,10
6198,12
6199,8
6200,12
6201,17
6202,10
6203,17
6204,9
6205,12
6206,8
6207,11
6208,20
6209,12
6210,11
6211,10
6212,5
6213,21
6214,13
6215,14
6216,7
6217,8
6218,12
6219,19
6220,11
6221,17
6222,21
6223,12
6224,10
6225,12
6226,10
6227,14
6228,17
6229,15
6230,12
6231,19
6232,9
6233,7
6234,10
6235,17
6236,15
6237,13
6238,8
6239,19
6240,16
6241,13
6242,14
6243,6
6244,6
6245,5
6246,14
6247,13
6248,11
6249,15
6250,11
6251,11
6252,12
6253,13
6254,14
6255,13
6256,14
6257,17
6258,19
6259,13
6260,12
6261,13
6262,10
6263,13
6264,10
6265,10
6266,12
6267,9
6268,13
6269,14
6270,16
6271,16
6272,8
6273,9
6274,7
6275,15
6276,13
6277,10
6278,10
6279,10
6280,17
6281,12
6282,12
6283,12
6284,14
6285,20
6286,12
6287,8
6288,11
6289,15
6290,23
6291,6
6292,13
6293,6
6294,10
6295,12
6296,12
6297,16
6298,10
6299,6
6300,14
6301,12
6302,10
6303,9
6304,15
6305,16
6306,12
6307,13
6308,14
6309,16
6310,11
6311,11
6312,12
6313,14
6314,15
6315,17
6316,12
6317,10
6318,16
6319,12
6320,12
6321,14
6322,17
6323,19
6324,9
6325,12
6326,11
6327,11
6328,16
6329,12
6330,9
6331,13
6332,10
6333,11
6334,11
6335,19
6336,13
6337,16
6338,17
6339,11
6340,14
6341,19
6342,8
6343,10
6344,12
6345,6
6346,5
6347,13
6348,10
6349,16
6350,14
6351,17
6352,12
6353,11
6354,10
6355,11
6356,18
6357,13
6358,8
6359,10
6360,11
6361,12
6362,15
6363,10
6364,14
6365,15
6366,15
6367,10
6368,10
6369,13
6370,17
6371,14
6372,9
6373,10
6374,15
6375,17
6376,11
6377,11
6378,12
6379,10
6380,6
6381,10
6382,14
6383,13
6384,11
6385,14
6386,10
6387,15
6388,14
6389,18
6390,9
6391,7
6392,13
6393,14
6394,13
6395,14
6396,6
6397,15
6398,14
6399,17
6400,15
6401,16
6402,13
6403,5
6404,13
6405,7
6406,14
6407,9
6408,11
6409,12
6410,12
6411,13
6412,23
6413,12
6414,7
6415,13
6416,11
6417,10
6418,14
6419,12
6420,10
6421,18
6422,15
6423,10
6424,19
6425,16
6426,12
6427,7
6428,18
6429,13
6430,12
6431,13
6432,14
6433,11
6434,13
6435,9
6436,13
6437,13
6438,15
6439,17
6440,23
6441,17
6442,14
6443,5
6444,13
6445,15
6446,15
6447,10
6448,13
6449,13
6450,15
6451,5
6452,12
6453,15
6454,10
6455,19
6456,8
6457,11
6458,17
6459,12
6460,11
6461,10
6462,15
6463,9
6464,7
6465,11
6466,10
6467,14
6468,16
6469,8
6470,12
6471,17
6472,9
6473,10
6474,15
6475,14
6476,19
6477,11
6478,18
6479,11
6480,13
6481,10
6482,11
6483,11
6484,18
6485,9
6486,13
6487,13
6488,8
6489,5
6490,10
6491,9
6492,12
6493,11
6494,18
6495,14
6496,13
6497,16
6498,14
6499,17
6500,12
6501,17
6502,9
6503,15
6504,17
6505,17
6506,11
6507,9
6508,17
6509,9
6510,13
6511,14
6512,5
6513,15
6514,16
6515,15
6516,12
6517,15
6518,7
6519,9
6520,8
6521,4
6522,9
6523,15
6524,19
6525,15
6526,16
6527,16
6528,16
6529,10
6530,19
6531,13
6532,10
6533,10
6534,11
6535,9
6536,12
6537,8
6538,5
6539,14
6540,10
6541,15
6542,10
6543,10
6544,8
6545,11
6546,16
6547,11
6548,12
6549,15
6550,9
6551,15
6552,20
6553,6
6554,11
6555,13
6556,24
6557,6
6558,9
6559,10
6560,12
6561,15
6562,15
6563,17
6564,8
6565,13
6566,13
6567,9
6568,11
6569,13
6570,14
6571,10
6572,17
6573,8
6574,15
6575,13
6576,16
6577,8
6578,15
6579,6
6580,15
6581,20
6582,13
6583,9
6584,17
6585,17
6586,15
6587,12
6588,21
6589,12
6590,9
6591,11
6592,16
6593,11
6594,13
6595,9
6596,8
6597,4
6598,16
6599,8
6600,10
6601,11
6602,7
6603,15
6604,12
6605,10
6606,13
6607,14
6608,11
6609,11
6610,9
6611,7
6612,11
6613,13
6614,18
6615,12
6616,9
6617,14
6618,6
6619,17
6620,7
6621,14
6622,14
6623,18
6624,9
6625,9
6626,11
6627,13
6628,8
6629,10
6630,7
6631,12
6632,11
6633,19
6634,11
6635,19
6636,14
6637,6
6638,10
6639,6
6640,12
6641,12
6642,14
6643,18
6644,16
6645,14
6646,11
6647,19
6648,16
6649,11
6650,20
6651,15
6652,6
6653,13
6654,16
6655,10
6656,13
6657,10
6658,11
6659,7
6660,14
6661,9
6662,7
6663,8
6664,12
6665,12
6666,10
6667,11
6668,18
6669,10
6670,9
6671,9
6672,8
6673,10
6674,9
6675,9
6676,22
6677,17
6678,9
6679,8
6680,8
6681,18
6682,10
6683,6
6684,7
6685,9
6686,9
6687,11
6688,6
6689,14
6690,10
6691,10
6692,9
6693,13
6694,6
6695,17
6696,12
6697,10
6698,14
6699,12
6700,14
6701,10
6702,12
6703,13
6704,12
6705,12
6706,19
6707,9
6708,9
6709,11
6710,17
6711,15
6712,8
6713,10
6714,20
6715,16
6716,10
6717,9
6718,13
6719,11
6720,9
6721,16
6722,7
6723,9
6724,19
6725,6
6726,18
6727,18
6728,13
6729,11
6730,13
6731,19
6732,15
6733,5
6734,14
6735,13
6736,12
6737,12
6738,10
6739,15
6740,19
6741,27
6742,10
6743,19
6744,17
6745,14
6746,15
6747,13
6748,11
6749,13
6750,22
6751,17
6752,9
6753,13
6754,13
6755,11
6756,13
6757,12
6758,9
6759,14
6760,12
6761,18
6762,17
6763,16
6764,14
6765,10
6766,24
6767,13
6768,18
6769,14
6770,18
6771,15
6772,12
6773,9
6774,15
6775,14
6776,11
6777,11
6778,16
6779,10
6780,13
6781,20
6782,11
6783,8
6784,7
6785,12
6786,12
6787,15
6788,13
6789,11
6790,15
6791,10
6792,9
6793,13
6794,16
6795,13
6796,18
6797,19
6798,20
6799,9
6800,10
6801,12
6802,17
6803,12
6804,15
6805,8
6806,6
6807,16
6808,12
6809,11
6810,11
6811,8
6812,12
6813,12
6814,13
6815,15
6816,14
6817,9
6818,10
6819,14
6820,12
6821,14
6822,14
6823,9
6824,15
6825,14
6826,14
6827,11
6828,13
6829,14
6830,10
6831,16
6832,19
6833,18
6834,11
6835,9
6836,15
6837,6
6838,12
6839,12
6840,18
6841,17
6842,7
6843,13
6844,10
6845,15
6846,10
6847,9
6848,12
6849,9
6850,7
6851,8
6852,15
6853,14
6854,16
6855,10
6856,7
6857,18
6858,10
6859,8
6860,8
6861,13
6862,14
6863,9
6864,14
6865,17
6866,12
6867,15
6868,9
6869,9
6870,16
6871,5
6872,9
6873,5
6874,12
6875,14
6876,10
6877,18
6878,9
6879,13
6880,13
6881,13
6882,12
6883,13
6884,16
6885,11
6886,10
6887,6
6888,11
6889,5
6890,14
6891,13
6892,11
6893,15
6894,7
6895,19
6896,8
6897,13
6898,8
6899,10
6900,11
6901,13
6902,7
6903,11
6904,15
6905,10
6906,17
6907,16
6908,11
6909,10
6910,14
6911,16
6912,10
6913,9
6914,12
6915,15
6916,19
6917,11
6918,14
6919,13
6920,13
6921,11
6922,10
6923,13
6924,16
6925,10
6926,12
6927,6
6928,10
6929,8
6930,18
6931,10
6932,11
6933,10
6934,17
6935,10
6936,6
6937,15
6938,19
6939,10
6940,15
6941,13
6942,10
6943,8
6944,15
6945,20
6946,8
6947,14
6948,10
6949,14
6950,8
6951,15
6952,12
6953,16
6954,13
6955,9
6956,12
6957,15
6958,7
6959,3
6960,12
6961,19
6962,14
6963,19
6964,12
6965,10
6966,11
6967,11
6968,13
6969,20
6970,8
6971,9
6972,13
6973,14
6974,14
6975,13
6976,11
6977,21
6978,17
6979,21
6980,10
6981,15
6982,11
6983,9
6984,10
6985,8
6986,11
6987,13
6988,15
6989,19
6990,23
6991,14
6992,14
6993,14
6994,7
6995,6
6996,13
6997,13
6998,14
6999,13
7000,11
7001,11
7002,19
7003,11
7004,16
7005,10
7006,17
7007,12
7008,10
7009,8
7010,11
7011,16
7012,7
7013,11
7014,9
7015,11
7016,9
7017,10
7018,12
7019,11
7020,14
7021,9
7022,15
7023,11
7024,12
7025,6
7026,14
7027,11
7028,19
7029,16
7030,8
7031,14
7032,12
7033,13
7034,6
7035,15
7036,18
7037,16
7038,12
7039,13
7040,13
7041,12
7042,20
7043,14
7044,11
7045,12
7046,11
7047,20
7048,13
7049,9
7050,12
7051,11
7052,12
7053,15
7054,10
7055,11
7056,18
7057,19
7058,8
7059,12
7060,17
7061,13
7062,10
7063,9
7064,15
7065,16
7066,13
7067,11
7068,11
7069,13
7070,11
7071,15
7072,9
7073,13
7074,9
7075,9
7076,11
7077,11
7078,9
7079,14
7080,12
7081,9
7082,14
7083,13
7084,13
7085,14
7086,11
7087,8
7088,15
7089,11
7090,17
7091,20
7092,13
7093,11
7094,15
7095,13
7096,13
7097,12
7098,17
7099,8
7100,19
7101,7
7102,14
7103,18
7104,16
7105,9
7106,18
7107,12
7108,3
7109,9
7110,12
7111,17
7112,14
7113,16
7114,11
7115,17
7116,12
7117,14
7118,8
7119,10
7120,11
7121,5
7122,7
7123,18
7124,8
7125,13
7126,13
7127,14
7128,11
7129,8
7130,6
7131,18
7132,18
7133,12
7134,9
7135,12
7136,8
7137,17
7138,11
7139,13
7140,13
7141,12
7142,13
7143,9
7144,14
7145,13
7146,14
7147,5
7148,14
7149,14
7150,9
7151,8
7152,14
7153,7
7154,15
7155,8
7156,18
7157,14
7158,18
7159,11
7160,11
7161,3
7162,11
7163,7
7164,16
7165,14
7166,16
7167,11
7168,9
7169,11
7170,14
7171,12
7172,13
7173,11
7174,14
7175,13
7176,15
7177,13
7178,14
7179,9
7180,16
7181,16
7182,17
7183,11
7184,13
7185,9
7186,16
7187,19
7188,11
7189,17
7190,11
7191,15
7192,9
7193,15
7194,10
7195,14
7196,12
7197,8
7198,12
7199,12
7200,12
7201,12
7202,13
7203,11
7204,10
7205,11
7206,14
7207,5
7208,9
7209,16
7210,10
7211,13
7212,15
7213,13
7214,10
7215,4
7216,9
7217,6
7218,11
7219,10
7220,11
7221,16
7222,12
7223,13
7224,21
7225,12
7226,7
7227,13
7228,14
7229,15
7230,11
7231,13
7232,11
7233,12
7234,22
7235,12
7236,9
7237,10
7238,8
7239,14
7240,16
7241,11
7242,10
7243,11
7244,14
7245,12
7246,14
7247,11
7248,13
7249,13
7250,10
7251,8
7252,17
7253,12
7254,17
7255,9
7256,17
7257,8
7258,8
7259,11
7260,13
7261,6
7262,13
7263,8
7264,9
7265,15
7266,15
7267,12
7268,9
7269,14
7270,11
7271,13
7272,7
7273,18
7274,6
7275,13
7276,14
7277,14
7278,10
7279,10
7280,19
7281,11
7282,13
7283,10
7284,4
7285,11
7286,17
7287,12
7288,14
7289,19
7290,7
7291,17
7292,13
7293,18
7294,15
7295,17
7296,15
7297,14
7298,18
7299,13
7300,10
7301,13
7302,12
7303,9
7304,9
7305,12
7306,11
7307,11
7308,7
7309,17
7310,15
7311,7
7312,18
7313,10
7314,10
7315,9
7316,14
7317,12
7318,3
7319,12
7320,12
7321,10
7322,11
7323,10
7324,11
7325,10
7326,13
7327,13
7328,16
7329,15
7330,18
7331,10
7332,11
7333,16
7334,18
7335,11
7336,12
7337,16
7338,12
7339,11
7340,12
7341,10
7342,20
7343,9
7344,11
7345,17
7346,14
7347,15
7348,8
7349,10
7350,17
7351,12
7352,14
7353,15
7354,13
7355,8
7356,13
7357,12
7358,12
7359,16
7360,14
7361,8
7362,14
7363,16
7364,12
7365,13
7366,8
7367,9
7368,10
7369,16
7370,18
7371,14
7372,12
7373,17
7374,11
7375,17
7376,11
7377,10
7378,14
7379,10
7380,5
7381,11
7382,11
7383,19
7384,16
7385,14
7386,9
7387,19
7388,15
7389,9
7390,15
7391,15
7392,16
7393,10
7394,17
7395,12
7396,16
7397,9
7398,12
7399,9
7400,13
7401,15
7402,16
7403,15
7404,10
7405,12
7406,13
7407,13
7408,8
7409,14
7410,8
7411,14
7412,20
7413,6
7414,11
7415,17
7416,15
7417,10
7418,9
7419,17
7420,6
7421,12
7422,10
7423,8
7424,13
7425,14
7426,19
7427,10
7428,13
7429,18
7430,10
7431,18
7432,12
7433,11
7434,19
7435,17
7436,14
7437,20
7438,14
7439,11
7440,12
7441,15
7442,13
7443,16
7444,11
7445,12
7446,9
7447,12
7448,16
7449,13
7450,18
7451,16
7452,14
7453,10
7454,7
7455,12
7456,10
7457,19
7458,15
7459,17
7460,9
7461,13
7462,15
7463,11
7464,12
7465,8
7466,19
7467,12
7468,12
7469,17
7470,11
7471,7
7472,10
7473,5
7474,13
7475,15
7476,13
7477,14
7478,12
7479,14
7480,10
7481,13
7482,19
7483,13
7484,5
7485,10
7486,14
7487,13
7488,14
7489,14
7490,9
7491,12
7492,10
7493,13
7494,12
7495,13
7496,11
7497,16
7498,9
7499,11
7500,8
7501,9
7502,9
7503,20
7504,16
7505,21
7506,8
7507,13
7508,11
7509,17
7510,7
7511,19
7512,20
7513,17
7514,11
7515,10
7516,19
7517,18
7518,13
7519,11
7520,13
7521,12
7522,9
7523,19
7524,13
7525,16
7526,17
7527,12
7528,9
7529,16
7530,10
7531,13
7532,18
7533,11
7534,14
7535,16
7536,11
7537,14
7538,14
7539,24
7540,13
7541,8
7542,16
7543,11
7544,20
7545,13
7546,13
7547,13
7548,16
7549,11
7550,9
7551,11
7552,12
7553,9
7554,9
7555,18
7556,10
7557,8
7558,9
7559,10
7560,4
7561,8
7562,10
7563,8
7564,12
7565,18
7566,20
7567,15
7568,14
7569,13
7570,14
7571,13
7572,12
7573,9
7574,9
7575,17
7576,12
7577,19
7578,15
7579,12
7580,9
7581,10
7582,10
7583,12
7584,13
7585,17
7586,12
7587,8
7588,16
7589,14
7590,10
7591,18
7592,14
7593,18
7594,15
7595,21
7596,15
7597,5
7598,14
7599,10
7600,11
7601,9
7602,9
7603,17
7604,11
7605,8
7606,21
7607,15
7608,11
7609,7
7610,8
7611,15
7612,13
7613,8
7614,16
7615,8
7616,9
7617,13
7618,15
7619,16
7620,15
7621,15
7622,16
7623,9
7624,10
7625,19
7626,11
7627,8
7628,17
7629,5
7630,15
7631,17
7632,16
7633,16
7634,14
7635,12
7636,9
7637,11
7638,14
7639,16
7640,16
7641,9
7642,12
7643,12
7644,13
7645,18
7646,10
7647,11
7648,14
7649,15
7650,11
7651,12
7652,12
7653,12
7654,12
7655,18
7656,13
7657,12
7658,11
7659,7
7660,14
7661,9
7662,15
7663,12
7664,14
7665,7
7666,10
7667,10
7668,15
7669,5
7670,17
7671,12
7672,8
7673,5
7674,15
7675,11
7676,9
7677,9
7678,12
7679,14
7680,8
7681,10
7682,17
7683,24
7684,11
7685,9
7686,19
7687,16
7688,13
7689,6
7690,12
7691,11
7692,15
7693,10
7694,13
7695,9
7696,13
7697,15
7698,9
7699,11
7700,10
7701,12
7702,7
7703,10
7704,15
7705,2
7706,11
7707,8
7708,12
7709,11
7710,14
7711,10
7712,15
7713,9
7714,9
7715,11
7716,12
7717,12
7718,15
7719,13
7720,8
7721,19
7722,10
7723,12
7724,16
7725,13
7726,9
7727,16
7728,12
7729,18
7730,17
7731,14
7732,10
7733,13
7734,10
7735,9
7736,14
7737,10
7738,18
7739,16
7740,15
7741,12
7742,9
7743,9
7744,14
7745,11
7746,12
7747,9
7748,5
7749,6
7750,11
7751,17
7752,12
7753,22
7754,13
7755,14
7756,17
7757,19
7758,11
7759,9
7760,10
7761,12
7762,15
7763,16
7764,10
7765,11
7766,18
7767,14
7768,15
7769,14
7770,7
7771,12
7772,12
7773,12
7774,14
7775,13
7776,11
7777,11
7778,13
7779,14
7780,11
7781,14
7782,11
7783,10
7784,11
7785,10
7786,8
7787,13
7788,9
7789,16
7790,17
7791,12
7792,15
7793,13
7794,9
7795,10
7796,16
7797,18
7798,17
7799,10
7800,13
7801,6
7802,10
7803,15
7804,14
7805,13
7806,12
7807,15
7808,16
7809,7
7810,16
7811,8
7812,11
7813,5
7814,11
7815,15
7816,22
7817,13
7818,10
7819,10
7820,6
7821,12
7822,12
7823,17
7824,17
7825,10
7826,16
7827,12
7828,14
7829,14
7830,17
7831,17
7832,9
7833,14
7834,12
7835,15
7836,12
7837,21
7838,16
7839,10
7840,9
7841,12
7842,8
7843,14
7844,15
7845,13
7846,17
7847,12
7848,15
7849,12
7850,10
7851,8
7852,11
7853,12
7854,10
7855,15
7856,9
7857,12
7858,14
7859,16
7860,17
7861,10
7862,13
7863,13
7864,13
7865,10
7866,18
7867,14
7868,11
7869,13
7870,18
7871,15
7872,12
7873,18
7874,12
7875,13
7876,11
7877,11
7878,19
7879,13
7880,17
7881,8
7882,11
7883,15
7884,12
7885,15
7886,17
7887,12
7888,13
7889,16
7890,12
7891,9
7892,11
7893,9
7894,18
7895,9
7896,17
7897,12
7898,17
7899,14
7900,14
7901,3
7902,14
7903,8
7904,10
7905,16
7906,17
7907,12
7908,10
7909,8
7910,9
7911,8
7912,11
7913,14
7914,10
7915,6
7916,11
7917,12
7918,12
7919,11
7920,7
7921,12
7922,10
7923,9
7924,13
7925,11
7926,16
7927,10
7928,17
7929,15
7930,15
7931,7
7932,13
7933,19
7934,15
7935,11
7936,8
7937,6
7938,11
7939,15
7940,11
7941,10
7942,7
7943,12
7944,18
7945,14
7946,20
7947,20
7948,16
7949,10
7950,16
7951,7
7952,17
7953,10
7954,15
7955,16
7956,17
7957,11
7958,8
7959,15
7960,11
7961,11
7962,11
7963,6
7964,8
7965,10
7966,13
7967,10
7968,18
7969,8
7970,20
7971,14
7972,10
7973,10
7974,16
7975,9
7976,12
7977,12
7978,15
7979,10
7980,13
7981,9
7982,12
7983,16
7984,8
7985,16
7986,12
7987,11
7988,16
7989,19
7990,10
7991,17
7992,10
7993,17
7994,19
7995,7
7996,6
7997,11
7998,11
7999,13
8000,13
8001,14
8002,6
8003,8
8004,10
8005,11
8006,8
8007,16
8008,10
8009,17
8010,12
8011,15
8012,10
8013,15
8014,11
8015,13
8016,12
8017,10
8018,13
8019,15
8020,13
8021,10
8022,10
8023,16
8024,15
8025,12
8026,14
8027,18
8028,14
8029,8
8030,11
8031,9
8032,8
8033,13
8034,16
8035,9
8036,6
8037,13
8038,15
8039,17
8040,16
8041,12
8042,16
8043,12
8044,19
8045,22
8046,12
8047,10
8048,13
8049,13
8050,13
8051,18
8052,10
8053,12
8054,10
8055,19
8056,14
8057,10
8058,12
8059,13
8060,11
8061,13
8062,10
8063,10
8064,7
8065,10
8066,13
8067,17
8068,8
8069,10
8070,10
8071,12
8072,10
8073,13
8074,15
8075,9
8076,12
8077,11
8078,9
8079,15
8080,20
8081,7
8082,18
8083,16
8084,15
8085,15
8086,8
8087,7
8088,7
8089,13
8090,13
8091,9
8092,16
8093,16
8094,16
8095,15
8096,14
8097,16
8098,13
8099,12
8100,9
8101,13
8102,18
8103,14
8104,12
8105,17
8106,8
8107,15
8108,8
8109,9
8110,10
8111,15
8112,17
8113,12
8114,16
8115,14
8116,6
8117,18
8118,6
8119,12
8120,14
8121,15
8122,9
8123,15
8124,8
8125,14
8126,10
8127,11
8128,18
8129,12
8130,11
8131,7
8132,7
8133,8
8134,15
8135,10
8136,9
8137,13
8138,12
8139,14
8140,17
8141,13
8142,14
8143,8
8144,14
8145,14
8146,16
8147,14
8148,9
8149,15
8150,9
8151,16
8152,17
8153,9
8154,15
8155,9
8156,11
8157,17
8158,16
8159,11
8160,18
8161,10
8162,13
8163,15
8164,13
8165,10
8166,9
8167,9
8168,13
8169,14
8170,11
8171,16
8172,17
8173,16
8174,8
8175,19
8176,12
8177,6
8178,17
8179,12
8180,12
8181,12
8182,23
8183,10
8184,18
8185,13
8186,12
8187,17
8188,16
8189,11
8190,7
8191,21
8192,17
8193,13
8194,19
8195,13
8196,16
8197,13
8198,11
8199,9
8200,12
8201,16
8202,14
8203,14
8204,10
8205,12
8206,13
8207,21
8208,11
8209,10
8210,11
8211,11
8212,16
8213,19
8214,9
8215,16
8216,9
8217,17
8218,12
8219,13
8220,18
8221,11
8222,9
8223,14
8224,9
8225,17
8226,12
8227,9
8228,15
8229,17
8230,7
8231,18
8232,11
8233,18
8234,7
8235,17
8236,17
8237,9
8238,13
8239,11
8240,13
8241,20
8242,8
8243,13
8244,20
8245,4
8246,15
8247,12
8248,18
8249,17
8250,17
8251,13
8252,9
8253,11
8254,15
8255,13
8256,14
8257,14
8258,11
8259,18
8260,10
8261,7
8262,14
8263,18
8264,9
8265,14
8266,6
8267,11
8268,15
8269,7
8270,13
8271,11
8272,12
8273,16
8274,15
8275,7
8276,12
8277,12
8278,13
8279,13
8280,18
8281,11
8282,22
8283,10
8284,10
8285,15
8286,13
8287,7
8288,11
8289,16
8290,18
8291,15
8292,17
8293,3
8294,9
8295,11
8296,11
8297,9
8298,13
8299,17
8300,14
8301,17
8302,7
8303,9
8304,19
8305,16
8306,16
8307,17
8308,16
8309,13
8310,12
8311,18
8312,12
8313,10
8314,11
8315,11
8316,11
8317,11
8318,14
8319,12
8320,6
8321,12
8322,15
8323,9
8324,9
8325,10
8326,12
8327,16
8328,9
8329,12
8330,11
8331,10
8332,11
8333,8
8334,10
8335,12
8336,13
8337,14
8338,12
8339,18
8340,11
8341,8
8342,11
8343,14
8344,10
8345,13
8346,14
8347,13
8348,10
8349,11
8350,14
8351,20
8352,10
8353,14
8354,15
8355,10
8356,15
8357,6
8358,11
8359,15
8360,14
8361,14
8362,17
8363,14
8364,9
8365,18
8366,10
8367,10
8368,13
8369,8
8370,16
8371,11
8372,9
8373,21
8374,11
8375,9
8376,16
8377,13
8378,14
8379,14
8380,10
8381,15
8382,12
8383,15
8384,10
8385,16
8386,14
8387,11
8388,7
8389,10
8390,10
8391,15
8392,15
8393,11
8394,12
8395,7
8396,10
8397,18
8398,19
8399,14
8400,10
8401,14
8402,11
8403,11
8404,11
8405,11
8406,10
8407,11
8408,8
8409,8
8410,13
8411,13
8412,13
8413,14
8414,13
8415,17
8416,13
8417,14
8418,8
8419,15
8420,15
8421,14
8422,14
8423,14
8424,16
8425,18
8426,9
8427,12
8428,9
8429,11
8430,16
8431,8
8432,19
8433,15
8434,14
8435,9
8436,14
8437,17
8438,15
8439,11
8440,14
8441,12
8442,11
8443,12
8444,11
8445,17
8446,18
8447,17
8448,18
8449,12
8450,15
8451,15
8452,9
8453,15
8454,13
8455,12
8456,22
8457,8
8458,8
8459,9
8460,14
8461,13
8462,11
8463,13
8464,16
8465,12
8466,9
8467,10
8468,15
8469,13
8470,10
8471,5
8472,8
8473,11
8474,7
8475,7
8476,14
8477,13
8478,6
8479,20
8480,17
8481,11
8482,10
8483,17
8484,15
8485,11
8486,8
8487,16
8488,16
8489,7
8490,8
8491,14
8492,13
8493,7
8494,12
8495,15
8496,15
8497,14
8498,18
8499,14
8500,20
8501,16
8502,9
8503,13
8504,9
8505,9
8506,10
8507,18
8508,16
8509,12
8510,17
8511,16
8512,6
8513,9
8514,11
8515,8
8516,9
8517,9
8518,13
8519,18
8520,10
8521,14
8522,19
8523,12
8524,19
8525,16
8526,8
8527,13
8528,10
8529,16
8530,10
8531,17
8532,12
8533,10
8534,17
8535,7
8536,11
8537,12
8538,12
8539,9
8540,11
8541,13
8542,12
8543,17
8544,8
8545,16
8546,6
8547,11
8548,15
8549,9
8550,12
8551,16
8552,15
8553,19
8554,7
8555,12
8556,8
8557,12
8558,15
8559,12
8560,12
8561,13
8562,9
8563,9
8564,12
8565,14
8566,15
8567,11
8568,14
8569,11
8570,19
8571,15
8572,22
8573,11
8574,14
8575,11
8576,13
8577,14
8578,16
8579,16
8580,8
8581,9
8582,16
8583,10
8584,12
8585,10
8586,12
8587,8
8588,17
8589,16
8590,12
8591,9
8592,9
8593,12
8594,8
8595,10
8596,16
8597,15
8598,12
8599,8
8600,7
8601,11
8602,8
8603,16
8604,18
8605,16
8606,9
8607,21
8608,8
8609,15
8610,9
8611,5
8612,8
8613,15
8614,10
8615,10
8616,11
8617,12
8618,10
8619,11
8620,12
8621,7
8622,11
8623,10
8624,11
8625,9
8626,13
8627,15
8628,11
8629,14
8630,17
8631,22
8632,15
8633,16
8634,13
8635,12
8636,14
8637,11
8638,9
8639,11
8640,8
8641,12
8642,16
8643,13
8644,19
8645,14
8646,15
8647,17
8648,14
8649,9
8650,15
8651,13
8652,17
8653,9
8654,10
8655,11
8656,12
8657,14
8658,18
8659,11
8660,7
8661,6
8662,9
8663,16
8664,11
8665,14
8666,9
8667,7
8668,12
8669,15
8670,12
8671,9
8672,14
8673,9
8674,11
8675,15
8676,9
8677,11
8678,12
8679,11
8680,16
8681,17
8682,16
8683,15
8684,7
8685,18
8686,13
8687,9
8688,6
8689,5
8690,13
8691,12
8692,5
8693,18
8694,14
8695,17
8696,7
8697,15
8698,11
8699,12
8700,16
8701,11
8702,9
8703,11
8704,12
8705,10
8706,12
8707,13
8708,8
8709,7
8710,10
8711,16
8712,14
8713,18
8714,8
8715,9
8716,18
8717,11
8718,15
8719,21
8720,11
8721,15
8722,12
8723,16
8724,12
8725,12
8726,18
8727,5
8728,18
8729,20
8730,16
8731,13
8732,12
8733,13
8734,15
8735,11
8736,13
8737,6
8738,11
8739,17
8740,12
8741,12
8742,11
8743,9
8744,20
8745,15
8746,8
8747,9
8748,11
8749,4
8750,14
8751,9
8752,18
8753,15
8754,14
8755,15
8756,11
8757,17
8758,13
8759,17
8760,11
8761,14
8762,10
8763,12
8764,16
8765,15
8766,19
8767,17
8768,7
8769,15
8770,14
8771,6
8772,15
8773,15
8774,10
8775,12
8776,6
8777,9
8778,13
8779,13
8780,10
8781,11
8782,16
8783,13
8784,14
8785,7
8786,9
8787,21
8788,9
8789,14
8790,16
8791,10
8792,11
8793,14
8794,11
8795,14
8796,16
8797,16
8798,14
8799,10
8800,15
8801,7
8802,11
8803,16
8804,11
8805,16
8806,7
8807,8
8808,14
8809,14
8810,14
8811,10
8812,14
8813,9
8814,10
8815,14
8816,8
8817,10
8818,10
8819,12
8820,11
8821,9
8822,12
8823,16
8824,9
8825,12
8826,11
8827,14
8828,7
8829,11
8830,14
8831,19
8832,13
8833,6
8834,8
8835,8
8836,20
8837,11
8838,13
8839,18
8840,14
8841,10
8842,7
8843,10
8844,15
8845,10
8846,23
8847,12
8848,13
8849,7
8850,10
8851,9
8852,6
8853,9
8854,10
8855,12
8856,15
8857,11
8858,16
8859,19
8860,12
8861,9
8862,14
8863,9
8864,13
8865,11
8866,5
8867,12
8868,14
8869,11
8870,13
8871,12
8872,10
8873,11
8874,17
8875,12
8876,7
8877,13
8878,9
8879,12
8880,10
8881,10
8882,14
8883,15
8884,14
8885,16
8886,11
8887,25
8888,10
8889,12
8890,15
8891,7
8892,11
8893,11
8894,8
8895,6
8896,10
8897,16
8898,12
8899,17
8900,14
8901,19
8902,16
8903,17
8904,11
8905,18
8906,14
8907,11
8908,13
8909,10
8910,16
8911,14
8912,15
8913,13
8914,9
8915,12
8916,14
8917,10
8918,11
8919,9
8920,15
8921,11
8922,9
8923,11
8924,9
8925,15
8926,9
8927,17
8928,10
8929,9
8930,10
8931,10
8932,14
8933,17
8934,12
8935,12
8936,18
8937,8
8938,20
8939,13
8940,10
8941,15
8942,10
8943,15
8944,7
8945,14
8946,15
8947,15
8948,15
8949,8
8950,12
8951,11
8952,9
8953,8
8954,17
8955,17
8956,18
8957,10
8958,14
8959,9
8960,17
8961,10
8962,14
8963,10
8964,16
8965,13
8966,14
8967,15
8968,12
8969,11
8970,16
8971,9
8972,12
8973,9
8974,11
8975,11
8976,10
8977,14
8978,13
8979,14
8980,16
8981,16
8982,7
8983,21
8984,10
8985,8
8986,9
8987,17
8988,16
8989,16
8990,12
8991,13
8992,13
8993,12
8994,8
8995,12
8996,20
8997,7
8998,12
8999,11
9000,13
9001,11
9002,14
9003,11
9004,18
9005,10
9006,16
9007,23
9008,12
9009,10
9010,10
9011,12
9012,12
9013,17
9014,10
9015,12
9016,8
9017,16
9018,14
9019,13
9020,12
9021,10
9022,10
9023,13
9024,16
9025,5
9026,11
9027,11
9028,13
9029,11
9030,15
9031,19
9032,15
9033,8
9034,12
9035,10
9036,15
9037,9
9038,11
9039,16
9040,11
9041,14
9042,13
9043,11
9044,17
9045,11
9046,20
9047,10
9048,8
9049,14
9050,10
9051,6
9052,13
9053,18
9054,15
9055,13
9056,14
9057,16
9058,12
9059,7
9060,10
9061,15
9062,9
9063,16
9064,17
9065,12
9066,16
9067,13
9068,17
9069,11
9070,11
9071,19
9072,7
9073,9
9074,9
9075,19
9076,6
9077,20
9078,12
9079,16
9080,17
9081,9
9082,14
9083,15
9084,14
9085,10
9086,16
9087,13
9088,6
9089,8
9090,13
9091,13
9092,16
9093,11
9094,11
9095,14
9096,9
9097,15
9098,12
9099,14
9100,9
9101,9
9102,19
9103,13
9104,12
9105,7
9106,14
9107,6
9108,14
9109,16
9110,10
9111,10
9112,12
9113,8
9114,13
9115,8
9116,12
9117,10
9118,15
9119,10
9120,17
9121,4
9122,8
9123,16
9124,20
9125,12
9126,8
9127,10
9128,9
9129,20
9130,10
9131,6
9132,12
9133,7
9134,11
9135,9
9136,7
9137,12
9138,10
9139,12
9140,14
9141,7
9142,12
9143,7
9144,10
9145,11
9146,13
9147,12
9148,13
9149,10
9150,13
9151,15
9152,13
9153,8
9154,8
9155,10
9156,13
9157,18
9158,21
9159,14
9160,11
9161,13
9162,9
9163,7
9164,13
9165,13
9166,11
9167,10
9168,20
9169,7
9170,7
9171,9
9172,22
9173,18
9174,11
9175,17
9176,10
9177,16
9178,16
9179,12
9180,17
9181,11
9182,10
9183,15
9184,16
9185,18
9186,12
9187,15
9188,13
9189,13
9190,11
9191,14
9192,16
9193,17
9194,17
9195,8
9196,14
9197,17
9198,10
9199,20
9200,19
9201,13
9202,6
9203,9
9204,20
9205,15
9206,12
9207,10
9208,17
9209,15
9210,9
9211,11
9212,10
9213,15
9214,19
9215,11
9216,22
9217,14
9218,9
9219,12
9220,16
9221,12
9222,12
9223,13
9224,10
9225,17
9226,16
9227,8
9228,10
9229,11
9230,5
9231,16
9232,6
9233,10
9234,9
9235,11
9236,10
9237,15
9238,13
9239,22
9240,15
9241,9
9242,11
9243,8
9244,19
9245,18
9246,12
9247,10
9248,9
9249,8
9250,14
9251,17
9252,18
9253,13
9254,6
9255,12
9256,10
9257,14
9258,8
9259,11
9260,15
9261,15
9262,13
9263,8
9264,13
9265,11
9266,17
9267,16
9268,16
9269,12
9270,21
9271,9
9272,16
9273,17
9274,14
9275,11
9276,18
9277,12
9278,17
9279,17
9280,9
9281,24
9282,23
9283,13
9284,13
9285,12
9286,17
9287,16
9288,18
9289,7
9290,14
9291,14
9292,19
9293,10
9294,20
9295,17
9296,11
9297,13
9298,15
9299,11
9300,9
9301,10
9302,13
9303,18
9304,12
9305,11
9306,24
9307,17
9308,10
9309,19
9310,11
9311,8
9312,14
9313,18
9314,13
9315,9
9316,16
9317,7
9318,10
9319,16
9320,10
9321,12
9322,9
9323,20
9324,11
9325,14
9326,12
9327,13
9328,15
9329,15
9330,10
9331,17
9332,16
9333,13
9334,7
9335,11
9336,11
9337,11
9338,14
9339,13
9340,18
9341,8
9342,13
9343,13
9344,7
9345,15
9346,13
9347,6
9348,13
9349,7
9350,10
9351,7
9352,6
9353,10
9354,18
9355,11
9356,9
9357,12
9358,9
9359,12
9360,14
9361,17
9362,9
9363,10
9364,15
9365,15
9366,10
9367,12
9368,15
9369,11
9370,14
9371,18
9372,14
9373,15
9374,12
9375,8
9376,13
9377,11
9378,13
9379,8
9380,8
9381,13
9382,14
9383,10
9384,10
9385,8
9386,11
9387,14
9388,10
9389,14
9390,15
9391,8
9392,14
9393,11
9394,11
9395,28
9396,6
9397,15
9398,14
9399,16
9400,16
9401,7
9402,14
9403,14
9404,8
9405,11
9406,20
9407,7
9408,13
9409,8
9410,18
9411,10
9412,14
9413,15
9414,9
9415,11
9416,12
9417,17
9418,18
9419,12
9420,10
9421,12
9422,13
9423,12
9424,8
9425,13
9426,12
9427,14
9428,13
9429,5
9430,16
9431,16
9432,14
9433,12
9434,12
9435,16
9436,7
9437,7
9438,14
9439,10
9440,15
9441,10
9442,16
9443,17
9444,11
9445,9
9446,10
9447,14
9448,11
9449,6
9450,14
9451,11
9452,11
9453,13
9454,6
9455,5
9456,12
9457,13
9458,12
9459,10
9460,12
9461,11
9462,13
9463,13
9464,19
9465,11
9466,8
9467,11
9468,15
9469,9
9470,12
9471,6
9472,5
9473,8
9474,18
9475,14
9476,20
9477,7
9478,17
9479,18
9480,15
9481,15
9482,14
9483,12
9484,7
9485,15
9486,12
9487,10
9488,11
9489,16
9490,17
9491,7
9492,15
9493,14
9494,9
9495,14
9496,12
9497,20
9498,12
9499,17
9500,15
9501,14
9502,7
9503,11
9504,12
9505,8
9506,18
9507,14
9508,10
9509,25
9510,10
9511,14
9512,9
9513,7
9514,15
9515,13
9516,11
9517,14
9518,14
9519,9
9520,18
9521,8
9522,14
9523,18
9524,5
9525,8
9526,18
9527,14
9528,13
9529,13
9530,8
9531,11
9532,20
9533,17
9534,11
9535,12
9536,10
9537,7
9538,11
9539,6
9540,19
9541,19
9542,8
9543,8
9544,12
9545,9
9546,10
9547,21
9548,13
9549,11
9550,11
9551,13
9552,16
9553,15
9554,20
9555,10
9556,12
9557,10
9558,15
9559,15
9560,16
9561,13
9562,13
9563,11
9564,18
9565,8
9566,8
9567,11
9568,13
9569,11
9570,12
9571,8
9572,13
9573,18
9574,14
9575,15
9576,13
9577,13
9578,11
9579,18
9580,11
9581,14
9582,21
9583,13
9584,14
9585,16
9586,14
9587,15
9588,5
9589,11
9590,10
9591,16
9592,6
9593,15
9594,14
9595,14
9596,11
9597,9
9598,7
9599,15
9600,6
9601,16
9602,17
9603,14
9604,11
9605,6
9606,11
9607,10
9608,5
9609,7
9610,10
9611,15
9612,15
9613,11
9614,15
9615,12
9616,10
9617,19
9618,16
9619,16
9620,12
9621,16
9622,14
9623,17
9624,8
9625,11
9626,15
9627,13
9628,11
9629,5
9630,13
9631,9
9632,10
9633,16
9634,9
9635,14
9636,11
9637,6
9638,18
9639,15
9640,12
9641,10
9642,18
9643,12
9644,17
9645,14
9646,11
9647,11
9648,12
9649,9
9650,8
9651,22
9652,15
9653,10
9654,13
9655,10
9656,16
9657,14
9658,11
9659,22
9660,12
9661,10
9662,10
9663,12
9664,14
9665,9
9666,14
9667,12
9668,12
9669,15
9670,14
9671,11
9672,15
9673,7
9674,16
9675,17
9676,11
9677,9
9678,15
9679,11
9680,12
9681,10
9682,10
9683,17
9684,16
9685,15
9686,17
9687,6
9688,15
9689,14
9690,18
9691,11
9692,13
9693,23
9694,15
9695,9
9696,9
9697,12
9698,12
9699,11
9700,9
9701,12
9702,18
9703,18
9704,18
9705,8
9706,16
9707,11
9708,13
9709,14
9710,10
9711,14
9712,9
9713,14
9714,11
9715,11
9716,10
9717,8
9718,13
9719,20
9720,14
9721,12
9722,10
9723,14
9724,14
9725,11
9726,11
9727,7
9728,17
9729,13
9730,10
9731,12
9732,10
9733,16
9734,13
9735,10
9736,22
9737,14
9738,14
9739,14
9740,14
9741,11
9742,13
9743,13
9744,12
9745,4
9746,14
9747,11
9748,9
9749,12
9750,9
9751,10
9752,16
9753,18
9754,18
9755,8
9756,11
9757,16
9758,9
9759,15
9760,7
9761,18
9762,5
9763,14
9764,7
9765,18
9766,14
9767,10
9768,12
9769,10
9770,12
9771,9
9772,14
9773,14
9774,13
9775,16
9776,18
9777,6
9778,11
9779,12
9780,11
9781,12
9782,12
9783,15
9784,9
9785,21
9786,10
9787,16
9788,9
9789,5
9790,13
9791,14
9792,12
9793,10
9794,16
9795,14
9796,5
9797,13
9798,12
9799,9
9800,14
9801,12
9802,13
9803,6
9804,12
9805,15
9806,13
9807,12
9808,10
9809,8
9810,9
9811,15
9812,13
9813,20
9814,9
9815,12
9816,12
9817,13
9818,10
9819,11
9820,17
9821,13
9822,13
9823,16
9824,11
9825,7
9826,15
9827,11
9828,11
9829,13
9830,16
9831,13
9832,14
9833,9
9834,14
9835,16
9836,14
9837,10
9838,14
9839,16
9840,9
9841,12
9842,13
9843,16
9844,14
9845,11
9846,9
9847,15
9848,12
9849,20
9850,8
9851,11
9852,14
9853,16
9854,10
9855,14
9856,16
9857,15
9858,12
9859,10
9860,9
9861,11
9862,10
9863,13
9864,10
9865,8
9866,10
9867,11
9868,8
9869,9
9870,10
9871,16
9872,8
9873,13
9874,17
9875,10
9876,15
9877,7
9878,10
9879,13
9880,18
9881,11
9882,13
9883,12
9884,20
9885,11
9886,15
9887,10
9888,12
9889,6
9890,17
9891,15
9892,13
9893,14
9894,10
9895,12
9896,9
9897,19
9898,10
9899,12
9900,13
9901,14
9902,15
9903,14
9904,7
9905,12
9906,15
9907,7
9908,12
9909,10
9910,13
9911,18
9912,18
9913,9
9914,17
9915,14
9916,18
9917,12
9918,13
9919,15
9920,7
9921,14
9922,13
9923,14
9924,17
9925,15
9926,17
9927,11
9928,13
9929,18
9930,17
9931,10
9932,11
9933,10
9934,12
9935,12
9936,5
9937,11
9938,17
9939,8
9940,7
9941,9
9942,16
9943,15
9944,15
9945,10
9946,17
9947,12
9948,17
9949,10
9950,10
9951,16
9952,14
9953,19
9954,14
9955,11
9956,13
9957,9
9958,10
9959,9
9960,7
9961,16
9962,12
9963,10
9964,15
9965,14
9966,7
9967,12
9968,9
9969,9
9970,11
9971,8
9972,7
9973,13
9974,11
9975,9
9976,17
9977,12
9978,15
9979,13
9980,7
9981,18
9982,13
9983,19
9984,8
9985,14
9986,6
9987,15
9988,18
9989,10
9990,12
9991,11
9992,9
9993,10
9994,17
9995,18
9996,10
9997,8
9998,5
9999,15
